Lot Number,Location,User,Site Area,Plot Ratio,Deposit (HK$ M),Estimated Earliest Site Available Date,Period,Rolled over
FSSTL 177,"Area 19, Sha Tau Kok Road, Fanling",Commercial / Residential,0.8895 ha,5/9.5,50,Apr-1999,1999/2000,0
RBL 1143,Adjacent to 16 & 18 South Bay Road,Residential R3,0.1925 ha,0.9,10,Oct-1999,1999/2000,0
Lot 673 in DD Peng Chau,"Site No 2, Tung Wan, Peng Chau",Residential R3,0.1050 ha,0.6,0.5,Apr-1999,1999/2000,0
Lot 1848 in DD Cheung Chau,"Shui Hang, Cheung Chau",Residential R4,1.0700 ha,0.4,2,Apr-1999,1999/2000,0
Lot 1847 in DD Cheung Chau,"Site 1, Sai Wan, Cheung Chau",Residential R4,0.2130 ha,0.4,1,Apr-1999,1999/2000,0
Lot 736 in DD 332,"Cheung Sha, Lantau Island",Residential R4,0.3380 ha,0.4,1,Apr-1999,1999/2000,0
Lot 735 in DD 332,"Cheung Sha, Lantau Island",Residential R4,0.2270 ha,0.4,1,Apr-1999,1999/2000,0
Lot 943 in DD 94,"Beas Stable Married Quarters, Sheung Shui",Residential R4,2.2600 ha,0.4,20,Dec-1999,1999/2000,0
Lot 1588 in DD 243,"Pik Sha Road, Pik Sha Wan, Clear Water Bay",Residential R4,0.7740 ha,0.4,5,Oct-1999,1999/2000,0
Lot 14 in DD 231,"Chuk Kok, Sai Kung",Residential R4,0.2760 ha,0.4,5,Aug-1999,1999/2000,0
TMTL 419,"Area 58, Tuen Mun",Residential R3,1.9400 ha,1.3,30,Apr-1999,1999/2000,0
TMTL 371,"Area 58, Tuen Mun",Residential R3,1.6575 ha,1.33,20,Apr-1999,1999/2000,0
TMTL 449,"Area 58, Tuen Mun",Residential R3,1.6800 ha,1.33,20,Apr-1999,1999/2000,0
TPTL 167,"Cathay Bungalow, Tai Po Kau",Residential R3,0.2590 ha,0.48,2,Apr-1999,1999/2000,0
TPTL 165,"Area 38, Tai Po",Residential R3,1.4778 ha,0.6,20,Jun-1999,1999/2000,0
TWTL 395,"Area 40, Route Twisk (Site A)",Residential R3,2.5640 ha,3,50,Mar-2000,1999/2000,0
Pending,"Area 40, Route Twisk (Site B)",Residential R3,0.6960 ha,3,30,Mar-2000,1999/2000,0
IL 8920,"Government Supplies Depot, Oil Street",Commercial / Residential,1.1700 ha,10.55,50,Feb-2000,1999/2000,0
Lot 1002 in DD 40,"Site 14, Sha Tau Kok",Residential R1,0.3235 ha,3.6,5,Apr-1999,1999/2000,0
NKIL 6277,"Kowloon Tsai Military Quarters Site, Kowloon Tong",Residential R3,4.1000 ha,1.8,50,Apr-1999,1999/2000,0
TCTL 11,"Area 3, Tung Chung New Town",Commercial,1.4900 ha,3,10,Jun-1999,1999/2000,0
NKIL 6269,"J/O Wai Yip Street/Shun Yip Street/Hoi Bun Road, Kwun Tong",Commercial and Multi-storey Carpark,0.7166 ha,12,20,Apr-1999,1999/2000,0
NKIL 6195,"Cha Kwo Ling Road, Kwun Tong",Commercial and Multi-storey Carpark,0.4870 ha,12,20,Apr-1999,1999/2000,0
KIL 11103,Hung Hom Bay Reclamation,Commercial and Multi-storey Carpark,0.9940 ha,12,50,Sep-1999,1999/2000,0
KIL 11110,Hung Hom Bay Reclamation,Hotel,2.0200 ha,5.28,50,Apr-1999,1999/2000,0
TWTL 393,"Site C, Area 35, Tsuen Wan",Hotel,1.1500 ha,9.5,30,Oct-1999,1999/2000,0
TSWTL 26,"Area 108a, Tin Shui Wai",Commercial,0.6500 ha,4,5,May-1999,1999/2000,0
NKIL 6280,"J/O Wang Mau Street/Wang Tai Road/Sheung Yee Road, Kowloon Bay",Industrial/ Office,0.5493 ha,12,10,Apr-1999,1999/2000,0
TYTL 158,"Tsing Keung Street, South Tsing Yi",Industrial/ Godown,1.9300 ha,2.5,10,Aug-1999,1999/2000,0
KCTL 478,"Wing Kin Road, Kwai Chung",Industrial/ Godown and Multi-storey Carpark,0.3707 ha,9.5,5,Apr-1999,1999/2000,0
Lot 1142 in DD 215,"Hong Tsuen Road, Sai Kung Tuk, Area 3, Sai Kung",Industrial/ Godown and Vehicle Repair Workshop,0.2400 ha,5,1,Apr-1999,1999/2000,0
YLTL 458,Tung Tau Industrial Area,Industrial/ Godown,0.4550 ha,9.5,5,Dec-1999,1999/2000,0
IL 8920,"Ex-Government Supplies Depot, Oil Street, North Point",Commercial/Residential,1.4667 ha,Portion A: 10.55; Portion B: see Note 2,50,April 2001,2001/2002,1
NKIL 6308,"San Po Kong Magistracy, Government Offices Building and King Fuk Street Playground, San Po Kong",Commercial/Residential,1.2639 ha,9,50,9 February 2002,2001/2002,0
TMTL 430,"Area 52, Tuen Mun",Residential R4,0.3900 ha,0.4,2,April 2001,2001/2002,0
TMTL 422,"Ex-Pearl Island Quarters, Tuen Mun",Residential R3,1.5063 ha,1.3,20,April 2001,2001/2002,0
Lot 245 D.D. 331,"Ex-South Lantau Hospital, Lantau",Residential R4,1.6600 ha,0.4,10,April 2001,2001/2002,0
TMTL 449,"Area 58, Tuen Mun",Residential R3,1.6693 ha,1.33,20,April 2001,2001/2002,1
KIL 11146,"Site E/A3, West Kowloon Reclamation (Site B1)",Residential R1,1.1300 ha,7.5,50,June 2001,2001/2002,0
KIL 11158,"Site E/A3, West Kowloon Reclamation (Site B2)",Residential R1,1.0400 ha,7.5,50,June 2001,2001/2002,0
STTL 487,"Site 15, Area 77, Ma On Shan",Residential R2,1.4338 ha,5,50,July 2001,2001/2002,0
STTL 526,"Ex-Pak Tak Yuen, Lok Kwai Path, Sha Tin",Residential R3,2.0650 ha,1.5,50,August 2001,2001/2002,0
IL 8914,"Ex-Hollywood Road Police Quarters, Sheung Wan",Residential R1,0.5818 ha,10,50,September 2001,2001/2002,0
KIL 11140,"Site F/A14, West Kowloon Reclamation",Residential R1,1.4312 ha,7.5,50,October 2001,2001/2002,0
TMTL 436,"Siu Lam, Tuen Mun",Residential R4,0.9240 ha,0.4,2,October 2001,2001/2002,0
STTL 449,"Sites 21 and 22, Area 86B, Ma On Shan",Residential R2,2.1100 ha,5,50,December 2001,2001/2002,0
NKIL 6196,"Junction of Cornwall Street and Tat Chee Avenue, Kowloon Tong",Residential R3,1.4600 ha,1.916,50,March 2002,2001/2002,0
KCTL 486,"Kwai Shing Circuit, Kwai Chung",Private Sector Participation Scheme,0.4658 ha,4.41/0.09,5,April 2001,2001/2002,0
STTL 507,"Area 11, Shek Mun, Shatin",Private Sector Participation Scheme,4.0450 ha,6.42/0.14,30,April 2001,2001/2002,0
TKOTL 77,"Area 73B, Tseung Kwan O",Private Sector Participation Scheme,1.7400 ha,7.84/0.16,40,April 2001,2001/2002,0
TKOTL 61,"Area 65B, Tseung Kwan O",Private Sector Participation Scheme,4.0600 ha,6.71/0.11,50,September 2001,2001/2002,0
YLTL 518,Yuen Long Estate,Private Sector Participation Scheme,1.8800 ha,4.97/0.05,20,February 2002,2001/2002,0
KIL 11110,Hung Hom Bay Reclamation,Commercial,2.0364 ha,5.28,50,April 2001,2001/2002,1
IL 8941,"Central Market, Jubilee Street, Central",Commercial,0.4160 ha,15,50,March 2002,2001/2002,0
KIL 11103,Hung Hom Bay Reclamation,Commercial and Multi-storey Carpark,0.9940 ha,12,50,April 2001,2001/2002,1
NKIL 6195,"Cha Kwo Ling Road, Kwun Tong",Commercial and Multi-storey Carpark,0.4878 ha,12,20,April 2001,2001/2002,1
NKIL 6314,"Junction of Kai Cheung Road and Wang Kwong Road, Kowloon Bay",Commercial and Multi-storey Carpark,0.6623 ha,12,40,April 2001,2001/2002,0
KCTL 487,"Wing Kei Road, Kwai Chung",Industrial/Office,0.1480 ha,9.5,2,December 2001,2001/2002,0
Lot 2035 D.D. 121,"Tong Yan San Tsuen, Yuen Long",Industrial/Godown,0.1090 ha,3,0.5,April 2001,2001/2002,0
Lot 1142 D.D. 215,"Hong Tsuen Road, Sai Kung Tuk, Sai Kung",Industrial/Godown and Vehicle Repair Workshop,0.2400 ha,5.167,2,April 2001,2001/2002,1
KCTL 478,"Wing Kin Road, Kwai Chung",Industrial/Godown and Multi-storey Carpark and LPG Vehicle Repair Workshop,0.3707 ha,9.5,5,April 2001,2001/2002,1
TYTL 164,"Tsing Keung Street, Tsing Yi",LPG Vehicle Repair Workshop,0.6216 ha,2.5,2,April 2001,2001/2002,0
TYTL 168,"Tam Kon Shan Road, Tsing Yi",Shipyard,0.2215 ha,NA,1,April 2001,2001/2002,0
TYTL 169,"Tam Kon Shan Road, Tsing Yi",Shipyard,0.1685 ha,NA,0.5,April 2001,2001/2002,0
TYTL 161,"Tsing Keung Street, Tsing Yi",Concrete and/or Asphalt Production,0.4229 ha,2.5,2,August 2001,2001/2002,0
TYTL 162,"Tsing Keung Street, Tsing Yi",Concrete and/or Asphalt Production,0.4647 ha,2.5,2,August 2001,2001/2002,0
KIL 11158,"Site E/A3, West Kowloon Reclamation (Site B2)",Residential R1,1.0450 ha,6.5/1,50,April 2002,2002/2003,1
KIL 11146,"Site E/A3, West Kowloon Reclamation (Site B1)",Residential R1,1.1353 ha,6.5/1,50,April 2002,2002/2003,1
NKIL 6308,"Junction of King Fuk Street, King Tai Street and Prince Edward Road East, San Po Kong",Residential R1,1.2701 ha,9,50,April 2002,2002/2003,1
STTL 487,"Site 15, Area 77, Ma On Shan",Residential R2,1.4338 ha,5,50,April 2002,2002/2003,1
NKIL 6196,"Junction of Cornwall Street and Tat Chee Avenue, Kowloon Tong",Residential R3,1.4700 ha,1.903,50,April 2002,2002/2003,1
STTL 449,"Sites 21 and 22, Area 86B, Ma On Shan",Residential R2,2.1100 ha,5,50,April 2002,2002/2003,1
KIL 11140,"Site F/A14, West Kowloon Reclamation",Residential R1,1.3576 ha,6.5/1,50,April 2002,2002/2003,1
Lot 734 D.D. 4,"Sites 3 and 4, Mui Wo, Lantau",Residential R3,0.2419 ha,0.6,1,April 2002,2002/2003,0
AIL 451,"Welfare Road, Aberdeen",Residential R1,0.6403 ha,8,50,August 2002,2002/2003,0
STTL 510,"Tung Lo Wan Hill Road, Sha Tin",Residential R2,1.2200 ha,2.3,30,September 2002,2002/2003,0
KIL 11124,"Ex-Tin Kwong Road Police Married Quarters, Ho Man Tin",Residential R1,1.6730 ha,9,50,September 2002,2002/2003,0
CWIL 175,"Lin Shing Road, Chai Wan",Residential R1,0.2080 ha,8,20,October 2002,2002/2003,0
TKOTL 77,"Area 73B, Tseung Kwan O",Residential R1,1.2500 ha,6.5/0.16,50,December 2002,2002/2003,1
STTL 536,"Area 11, Shek Mun, Sha Tin",Residential R1,1.7500 ha,5,50,December 2002,2002/2003,0
TKOTL 87,"Area 74 South, Tseung Kwan O",Residential R1,1.7500 ha,7.15/1,50,December 2002,2002/2003,0
TKOTL 86,"Area 74 South, Tseung Kwan O",Residential R1,2.4940 ha,7.15/1,50,December 2002,2002/2003,0
NKIL 6330,"Sa Po Road, Kowloon City",Residential R1,0.3510 ha,9,40,January 2003,2002/2003,0
YLTL 518,"Ex-Yuen Long Estate, Yuen Long",Residential R1,1.2400 ha,5,40,March 2003,2002/2003,1
FSSTL 177,"Sha Tau Kok Road, Fanling",Residential / Commercial,0.8900 ha,5/9.5,30,April 2002,2002/2003,0
IL 8920,"Ex-Government Supplies Depot, Oil Street, North Point",Residential / Commercial,1.4667 ha,Portion A: 10.55; Portion B: see Note 2,50,April 2002,2002/2003,1
TWTL 393,"Yeung Uk Road, Tsuen Wan",Residential / Commercial,1.4200 ha,5/9.5,50,March 2003,2002/2003,0
TSWTL 26,"Area 108A, Tin Shui Wai",Commercial,0.6500 ha,4,10,April 2002,2002/2003,0
TCTL 11,"Area 3A, Tung Chung",Commercial and Public Transport Terminus,1.0212 ha,3,2,April 2002,2002/2003,0
KIL 11111,Hung Hom Bay Reclamation,Commercial and Public Transport Terminus,2.9356 ha,6.855,50,October 2002,2002/2003,0
NKIL 6269,"Junction of Wai Yip Street, Shun Yip Street and Hoi Bun Road, Kwun Tong",Business and Multi-storey Carpark,0.7166 ha,12,30,January 2003,2002/2003,0
KCTL 487,"Wang Kei Road, Kwai Chung",Industrial / Industrial - Office,0.1482 ha,9.5,2,September 2002,2002/2003,1
CWIL 165,Chai Wan Reclamation,Industrial / Industrial - Office,0.5247 ha,15,10,December 2002,2002/2003,0
KCTL 478,"Wing Kin Road, Kwai Chung",Industrial / Industrial-Office/Godown and Multi-storey Carpark and LPG Vehicle Repair Workshop,0.3707 ha,9.5,0.5,September 2002,2002/2003,1
TYTL 164,"Tsing Keung Street, Tsing Yi",LPG Vehicle Repair Workshop,0.5810 ha,2.5,2,April 2002,2002/2003,1
RBL 1159,"Peak Pavilions, 12 Mt. Kellett Road, the Peak",Residential R3,0.7353 ha,,,Apr-05,2005/2006,1
CWIL 175,"Lin Shing Road, Chai Wan",Residential R1,0.2080 ha,,,Apr-05,2005/2006,1
NKIL 6306,"1 Ede Road, Kowloon Tong",Residential R3,0.2399 ha,,,Apr-05,2005/2006,1
NKIL 6423,"3 and 5 Ede Road, Kowloon Tong",Residential R3,0.3528 ha,,,Apr-05,2005/2006,1
AIL 451,"Welfare Road, Aberdeen",Residential R1,0.6403 ha,,,Apr-05,2005/2006,1
TSWTL 26,"Area 108A, Tin Shui Wai",Commercial,0.6500 ha,,,Apr-05,2005/2006,1
RBL 1165,"Near 110, Repulse Bay Road",Residential R3,0.4250 ha,,,Apr-05,2005/2006,1
IL 8920,"Ex-Government Supplies Depot, Oil Street, North Point",Residential / Commercial,1.4667 ha,,,Apr-05,2005/2006,1
RBL 1168,Near 35 South Bay Road,Residential R3,0.1460 ha,,,Apr-05,2005/2006,1
TPTL 166,"Po Heung Street, Tai Po",Residential / Commercial (Including Public Car Park),0.3325 ha,,,Apr-05,2005/2006,1
TWTL 393,"Yeung Uk Road, Tsuen Wan",Commercial,1.4160 ha,,,Apr-05,2005/2006,1
TMTL 430,"Area 52, Fu Tei, Tuen Mun",Residential R3,0.3173 ha,,,Apr-2005,2005/2006,0
KIL 11168,"Hoi Ting Road, West Kowloon Reclamation Area",Residential R1,0.7397 ha,,,Apr-2005,2005/2006,0
KIL 11146,"Hoi Fai Road, West Kowloon Reclamation (Site B1)",Residential R1,1.1353 ha,,,Apr-2005,2005/2006,0
KIL 11167,"J/O Hoi Wang Road and Hoi Ting Road, West Kowloon Reclamation Area",Residential R1,0.6179 ha,,,Apr-2005,2005/2006,0
Lot 673 DD Peng Chau,"Site 2, Tung Wan, Peng Chau",Residential R3,0.1093 ha,,,Aug-2005,2005/2006,0
NKIL 6350,"Fung Shing Street, Ngau Chi Wan",Residential R2,1.4400 ha,,,Sep-2005,2005/2006,0
IL 8872,"Hospital Road, Hong Kong",Residential R1,0.0527 ha,,,Oct-2005,2005/2006,0
IL 8914,Ex-Hollywood Road Police Quarters,Residential R1,0.5818 ha,,,Oct-2005,2005/2006,0
TMTL 422,"Area 58, Tuen Mun (Ex-Pearl Island Quarters)",Residential R3,1.5030 ha,,,Oct-2005,2005/2006,0
Lot 1848 DD Cheung Chau,"Sai Wan, Shui Hang, Cheung Chau",Residential R4,1.0382 ha,,,Nov-2005,2005/2006,0
Lot 734 in DD 4,"Mui Wo, Lantau",Residential R3,0.2419 ha,,,Nov-2005,2005/2006,0
NKIL 6311,"J/o Sheung Yuet Road, Wang Tai Road & Wang Yuen Street",Business,0.2579 ha,,,Nov-2005,2005/2006,0
Lot 2129 in DD 121,"Ping Shan Development Stage II, Yuen Long",Residential R3,0.6020 ha,,,Dec-2005,2005/2006,0
NKIL 6313,J/o Cheung Yip Street & Sheung Yee Road,Business,0.2560 ha,,,Dec-2005,2005/2006,0
TLTL 68,"Tsing Lung Tau, Tsuen Wan (Dragon Villa)",Residential R3,0.2500 ha,,,Dec-2005,2005/2006,0
Lot 674 DD Peng Chau,"Site 1, Tung Wan, Peng Chau",Residential R3,0.1760 ha,,,Dec-2005,2005/2006,0
IL 9007,103 Mt. Nicholson Road,Residential R3,2.3290 ha,,,Jan-2006,2005/2006,0
STTL 548,"Site 9A & B, Area 77, Ma On Shan",Residential R2,1.6100 ha,,,Jan-2006,2005/2006,0
TPTL 188,"Pak Shek Kok Reclamation Phase I, Site C",Residential R2,1.9613 ha,,,Feb-2006,2005/2006,0
TPTL 187,"Pak Shek Kok Reclamation Phase I, Site A",Residential R2,0.9976 ha,,,Feb-2006,2005/2006,0
IL 8941,"Central Market, Jubilee Street, Central",Commercial,0.4153 ha,,,Feb-2006,2005/2006,0
KIL 11073,"J/O Hoi Wan Road, Yan Cheung Road and Yau Cheung Road, West Kowloon Reclamation",Residential R1,0.8060 ha,,,Mar-2006,2005/2006,0
IL 8949,"21, 23 and 25 Borrett Road, Mid-levels West",Residential R2,1.0488 ha,,,Mar-2006,2005/2006,0
Lot 1950 in DD 221,"Sai Kung Town, Area 4",Commercial,1.7460 ha,,,Mar-2006,2005/2006,0
RBL 1159,"Peak Pavilions, 12 Mt. Kellett Road, The Peak",Residential R3,0.7353 ha,,,Now,2006/2007,1
CWIL 175,"Lin Shing Road, Chai Wan",Residential R1,0.2080 ha,,,Now,2006/2007,1
NKIL 6306,"1 Ede Road, Kowloon Tong",Residential R3,0.2399 ha,,,Now,2006/2007,1
NKIL 6423,"3 and 5 Ede Road, Kowloon Tong",Residential R3,0.3528 ha,,,Now,2006/2007,1
TSWTL 26,"Area 108A, Tin Shui Wai",Commercial,0.6500 ha,,,Now,2006/2007,1
RBL 1165,"Near 110, Repulse Bay Road",Residential R3,0.4250 ha,,,Now,2006/2007,1
RBL 1168,Near 35 South Bay Road,Residential R3,0.1460 ha,,,Now,2006/2007,1
TPTL 166,"Po Heung Street, Tai Po",Residential / Commercial (Including Public Car Park),0.3325 ha,,,Now,2006/2007,1
TWTL 393,"Yeung Uk Road, Tsuen Wan",Commercial,1.4160 ha,,,Now,2006/2007,1
KIL 11146,"Site E/A3, Hoi Fai Road, West Kowloon Reclamation (Site B1)",Residential R1,1.1353 ha,,,Now,2006/2007,1
IL 8872,"Hospital Road, Hong Kong",Residential R1,0.0573 ha,,,Now,2006/2007,1
TMTL 422,"Area 58, Tuen Mun (Ex-Pearl Island Quarters)",Residential R3,1.5030 ha,,,Now,2006/2007,1
Lot 1848 DD Cheung Chau,"Sai Wan, Shui Hang, Cheung Chau",Residential R4,1.0382 ha,,,Now,2006/2007,1
NKIL 6311,"J/o Sheung Yuet Road, Wang Tai Road & Wang Yuen Street",Business,0.2579 ha,,,Now,2006/2007,1
Lot 2129 DD 121,"Ping Kwai Road, Ping Shan, Yuen Long",Residential R3,0.6076 ha,,,Now,2006/2007,1
NKIL 6313,J/o Cheung Yip Street & Sheung Yee Road,Business,0.3795 ha,,,Now,2006/2007,1
TLTL 68,"Tsing Lung Tau, Tsuen Wan (Dragon Villa)",Residential R3,0.2076 ha,,,Now,2006/2007,1
STTL 548,"Area 77, Ma On Shan",Residential R2,1.6440 ha,,,Now,2006/2007,1
TPTL 188,"Pak Shek Kok Reclamation Phase I, Site C",Residential R2,1.9902 ha,,,Now,2006/2007,1
TPTL 187,"Pak Shek Kok Reclamation Phase I, Site A",Residential R2,1.0028 ha,,,Now,2006/2007,1
KIL 11073,"J/O Hoi Wang Road, Yan Cheung Road and Yau Cheung Road, West Kowloon Reclamation",Residential R1,0.8060 ha,,,Now,2006/2007,1
IL 8949,"21, 23 And 25 Borrett Road, Mid-Levels West",Residential R2,1.0488 ha,,,Now,2006/2007,1
IL 9007,103 Mt. Nicholson Road,Residential R3,2.3290 ha,,,Jul-2006,2006/2007,1
AIL 451,"Welfare Road, Aberdeen",Residential R1,0.6403 ha,,,Aug-2006,2006/2007,1
IL 8941,"Central Market, Jubilee Street, Central",Commercial,0.4110 ha,,,Sep-2006,2006/2007,1
Lot 1950 DD 221,"Sai Kung Town, Area 4",Commercial,1.7940 ha,,,Feb-2007,2006/2007,1
IL 8920,"Ex-Government Supplies Depot, Oil Street, North Point",Residential / Commercial,1.4667 ha,,,Planning Brief Under Preparation,2006/2007,1
IL 8914,Ex-Hollywood Road Police Quarters,Residential R1,0.5818 ha,,,Planning Brief Under Preparation,2006/2007,1
Lot 246 DD 331,"Cheung Sha, Lantau Island",Residential R4,0.2240 ha,,,Jun-06,2006/2007,0
TMTL 449,"Area 58, Tuen Mun (Tsing Fat Street)",Residential R3,1.7040 ha,,,Jul-06,2006/2007,0
NKIL6374,1 Broadcast Drive,Residential R2,0.6080 ha,,,Sep-06,2006/2007,0
STTL 433,"Junction of On Kwan Street and On Yiu Street, Area 11, Sha Tin",Business (incl Public Storey Carpark),0.8530 ha,,,Sep-06,2006/2007,0
KIL 11184,"Ex-Ko Shan Road Customs & Excise Service Married Quarters, 7 Ko Shan Road, Homantin, Hung Hom, Kowloon",Residential R1,0.1880 ha,,,Oct-06,2006/2007,0
NKIL 6309,"Ex-Wong Tai Sin Police Quarters, 3 Chun Yan Street",Residential R1,0.9470 ha,,,Oct-06,2006/2007,0
FSSTL 225,"89-95 San Fung Avenue, Shek Wu Hui, Sheung Shui",Residential / Commercial,0.0306 ha,,,Oct-06,2006/2007,0
TPTL 195,"Former Departmental Quarters, Plover Cove Road, Tai Po",Residential / Commercial,0.2685 ha,,,Oct-06,2006/2007,0
NKIL 6195,"Cha Kwo Ling Road, Kwun Tong",Commercial,0.4878 ha,,,Oct-06,2006/2007,0
Lot 676 DD Peng Chau,Peng Chau,Residential R3,0.4640 ha,,,Dec-06,2006/2007,0
STTL 463,"Junction of On Kwan Street and On Yiu Street, Area 11, Sha Tin",Business,0.7190 ha,,,Dec-06,2006/2007,0
Lot 245 DD 331,"Cheung Sha, Lantau Island",Residential R4,1.6600 ha,,,Jan-07,2006/2007,0
Lot 1176 DD 215,"Tui Min Hoi, Sai Kung",Commercial,0.1699 ha,,,Feb-07,2006/2007,0
NKIL 6269,"Junction of Wai Yip Street, Shun Yip Street and Hoi Bun Road, Kwun Tong",Business,0.7127 ha,,,Feb-07,2006/2007,0
KIL 11175,"J/O Fat Kwong Street and Chung Hau Streeet, Homantin (Ex-Valley Road Estate Ph 2)",Residential R1,1.6291 ha,,,Mar-07,2006/2007,0
TCTL 22,"Tung Chung Area 56, Lantau Island",Residential R2,3.3337 ha,,,Mar-07,2006/2007,0
NKIL 6314,"Junction of Kai Cheung Road and Wang Kwong Road, Kowloon Bay",Commercial,0.6623 ha,,,Mar-07,2006/2007,0
NKIL 6306,"1 Ede Road, Kowloon Tong",Residential R3,0.2399 ha,,,Now,2007/2008,1
NKIL 6423,"3 and 5 Ede Road, Kowloon Tong",Residential R3,0.3528 ha,,,Now,2007/2008,1
RBL 1165,"Near 110, Repulse Bay Road",Residential R3,0.4250 ha,,,Now,2007/2008,1
RBL 1168,Near 35 South Bay Road,Residential R3,0.1460 ha,,,Now,2007/2008,1
TPTL 166,"Po Heung Street, Tai Po",Residential / Commercial (Including Public Car Park),0.3325 ha,,,Now,2007/2008,1
KIL 11146,"Hoi Fai Road, West Kowloon Reclamation Site B1",Residential R1,1.1353 ha,,,Now,2007/2008,1
IL 8872,"Hospital Road, Hong Kong",Residential R1,0.0573 ha,,,Now,2007/2008,1
TMTL 422,"Area 58, Tuen Mun (Ex-Pearl Island Quarters)",Residential R3,1.5030 ha,,,Now,2007/2008,1
Lot 1848 DD Cheung Chau,"Sai Wan, Shui Hang, Cheung Chau",Residential R4,1.0382 ha,,,Now,2007/2008,1
Lot 2129 DD 121,"Ping Kwai Road, Ping Shan, Yuen Long",Residential R3,0.6076 ha,,,Now,2007/2008,1
KIL 11073,"J/O Hoi Wang Road, Yan Cheung Road and Yau Cheung Road, West Kowloon Reclamation",Residential R1,0.8060 ha,,,Now,2007/2008,1
IL 8949,"21, 23 And 25 Borrett Road, Mid-Levels West",Residential R2,1.0488 ha,,,Now,2007/2008,1
IL 9007,103 Mt. Nicholson Road,Residential R3,2.3312 ha,,,Now,2007/2008,1
AIL 451,"Welfare Road, Aberdeen",Residential R1,0.6403 ha,,,Now,2007/2008,1
TMTL 449,"Tsing Fat Street, Tuen Mun",Residential R3,1.7042 ha,,,Now,2007/2008,1
KIL 11184,"Ex-Ko Shan Road Customs & Excise Service Married Quarters, 7 Ko Shan Road, Homantin, Kowloon",Residential R1,0.1902 ha,,,Now,2007/2008,1
NKIL 6309,"Ex-Wong Tai Sin Police Quarters, 3 Chun Yan Street",Residential R1,0.9502 ha,,,Now,2007/2008,1
FSSTL 225,"89-95 San Fung Avenue, Shek Wu Hui, Sheung Shui",Residential/Commercial,0.0306 ha,,,Now,2007/2008,1
Lot 676 DD Peng Chau,Peng Chau,Residential R3,0.4565 ha,,,Now,2007/2008,1
Lot 245 DD 331,"Cheung Sha, Lantau Island",Residential R4,1.6587 ha,,,Now,2007/2008,1
KIL 11175,"J/O Fat Kwong Street and Chung Hau Street, Homantin (Ex-Valley Road Estate Ph 2)",Residential R1,1.6151 ha,,,Now,2007/2008,1
TCTL 22,"Tung Chung Area 56, Lantau Island",Residential R2,3.2900 ha,,,Now,2007/2008,1
TSWTL 26,"Area 108A, Tin Shui Wai",Commercial,0.6500 ha,,,Now,2007/2008,1
NKIL 6311,"J/o Sheung Yuet Road, Wang Tai Road & Wang Yuen Street",Business,0.2579 ha,,,Now,2007/2008,1
NKIL 6313,"Cheung Yip Street, Kowloon",Business,0.3795 ha,,,Now,2007/2008,1
IL 8941,"Central Market, Jubilee Street, Central",Commercial,0.4153 ha,,,Now,2007/2008,1
Lot 1950 DD 221,"Sai Kung Town, Area 4",Commercial,1.7940 ha,,,Now,2007/2008,1
STTL 433,"On Yiu Street/On Kwan Street/On Lai Street, Shek Mun, Sha Tin",Business,0.8533 ha,,,Now,2007/2008,1
NKIL 6195,"Cha Kwo Ling Road, Kwun Tong",Commercial,0.4878 ha,,,Now,2007/2008,1
STTL 463,"On Yiu Street/On Kwan Street, Shek Mun, Sha Tin",Business,0.7997 ha,,,Now,2007/2008,1
Lot 1176 in D.D. 215,"Tui Min Hoi, Sai Kung",Commercial,0.1659 ha,,,Now,2007/2008,1
NKIL 6269,"Junction of Wai Yip Street, Shun Yip Street and Hoi Bun Road, Kwun Tong",Business,0.7083 ha,,,Now,2007/2008,1
NKIL 6314,"Junction of Kai Cheung Road and Wang Kwong Road, Kowloon Bay",Commercial,0.6600 ha,,,Now,2007/2008,1
IL 8914,Ex-Hollywood Road Police Quarters,Residential R1,0.5818 ha,,,Dec-07,2007/2008,1
CWIL 175,"Lin Shing Road, Chai Wan",Residential R1,0.2080 ha,,,Jan-08,2007/2008,1
TWTL 393,"Yeung Uk Road, Tsuen Wan",Commercial,1.4160 ha,,,Feb-08,2007/2008,1
IL 8920,"Ex-Government Supplies Depot, Oil Street, North Point",Residential / Commercial,1.1700 ha,,,Feb-08,2007/2008,1
FSSTL 202,"Area 21, Fan Leng Lau Road",Residential R1,0.2560 ha,,,Apr-07,2007/2008,0
Lot 734 DD 4,"Mui Wo, Lantau",Residential R4,0.2419 ha,,,May-07,2007/2008,0
TMTL 430,"Area 52, Fu Tei, Tuen Mun",Residential R4,0.3173 ha,,,May-07,2007/2008,0
TPTL 186,"Pak Shek Kok Development Area, Phase 1, Site B",Residential R2,2.2140 ha,,,Oct-07,2007/2008,0
YLTL 458,"Junction of Fu Yip Street and Wang Yip Street, Tung Tau",Business,0.4748 ha,,,Jan-08,2007/2008,0
KIL 11120,Hung Hom Bay Reclamation Site D1,Residential R1,0.7470 ha,,,Feb-08,2007/2008,0
FSSTL 177,"Area 19, Sha Tau Kok Road",Residential R1,0.8900 ha,,,Feb-08,2007/2008,0
NKIL 6312,"Wang Chiu Road and Lam Lee Street, Kowloon Bay",Business,0.4297 ha,,,Mar-08,2007/2008,0
KIL11125,"Ex-CAS Training Centre, 204 Argyle Street",Residential R2,0.7284 ha,,,Mar-08,2007/2008,0
Lot 1588 DD 243,"Pik Sha Road, Silverstrand, Clear Water Bay",Residential R4,0.7650 ha,,,Mar-08,2007/2008,0
IL 8920,"Ex-Government Supplies Depot, Oil Street, North Point",Hotel / Residential / Commercial,1.1700 ha,,,Mar-09,2008/2009,1
NKIL 6311,"Junction of Sheung Yuet Road, Wang Tai Road and Wang Yuen Street, Kowloon Bay",Hotel,0.2579 ha,,,Aug-08,2008/2009,1
NKIL 6314,"Junction of Kai Cheung Road and Wang Kwong Road, Kowloon Bay",Hotel,0.6600 ha,,,Aug-08,2008/2009,1
NKIL 6269,"Junction of Wai Yip Street, Shun Yip Street and Hoi Bun Road, Kwun Tong",Hotel,0.7083 ha,,,Aug-08,2008/2009,1
TSWTL 26,"Area 108A, Tin Shui Wai",Hotel,0.6500 ha,,,Aug-08,2008/2009,1
Lot 1950 in DD 221,"Sai Kung Town, Area 4",Hotel,1.7940 ha,,,Sep-08,2008/2009,1
TWTL 393,"Yeung Uk Road, Tsuen Wan",Hotel,1.4160 ha,,,Dec-08,2008/2009,1
IL 9007,"103 Mt. Nicholson Road, The Peak, Hong Kong",Residential R3,2.3312 ha,,,Now,2008/2009,1
NKIL 6306,"1 Ede Road, Kowloon Tong",Residential R3,0.2399 ha,,,Now,2008/2009,1
Lot 676 in DD Peng Chau,Peng Chau,Residential R3,0.4564 ha,,,Now,2008/2009,1
Lot 734 in DD 4,"Mui Wo, Lantau",Residential R3,0.2419 ha,,,Now,2008/2009,1
FSSTL 225,"89-95 San Fung Avenue, Shek Wu Hui, Sheung Shui",Residential / Commercial,0.0306 ha,,,Now,2008/2009,1
FSSTL 202,"Area 21, Junction of Fan Leng Lau Road, Wo Muk Road and Luen Hing Street, Fanling",Residential R1,0.2560 ha,,,Now,2008/2009,1
FSSTL 177,"Area 19, Sha Tau Kok Road, Fanling",Residential R1,0.8900 ha,,,Now,2008/2009,1
TPTL 166,"Po Heung Street, Tai Po",Residential / Commercial (Including Public Car Park),0.3325 ha,,,Now,2008/2009,1
TMTL 430,"Area 52, Fu Tei, Tuen Mun",Residential R4,0.3173 ha,,,Now,2008/2009,1
Lot 2129 in DD 121,"Ping Kwai Road, Ping Shan, Yuen Long",Residential R3,0.6076 ha,,,Now,2008/2009,1
CWIL 175,"Lin Shing Road, Chai Wan",Residential R1,0.1804 ha,,,Jun-08,2008/2009,1
IL 8872,"Hospital Road, Hong Kong",Residential R1,0.0573 ha,,,Jun-08,2008/2009,1
KIL11125,"Ex-CAS Training Centre, 204 Argyle Street, Kowloon",Residential R2,0.7326 ha,,,Jun-08,2008/2009,1
RBL 1165,"Near 110 Repulse Bay Road, Hong Kong",Residential R3,0.4250 ha,,,Aug-08,2008/2009,1
RBL 1168,"Near 35 South Bay Road, Hong Kong",Residential R3,0.1338 ha,,,Aug-08,2008/2009,1
NKIL 6423,"3 and 5 Ede Road, Kowloon Tong",Residential R3,0.2808 ha,,,Aug-08,2008/2009,1
Lot 1588 in DD 243,"Pik Sha Road, Silverstrand, Clear Water Bay, Sai Kung",Residential R4,0.7615 ha,,,Aug-08,2008/2009,1
KIL 11184,"Ex-Ko Shan Road Customs & Excise Service Married Quarters, 7 Ko Shan Road, Hung Hom, Kowloon",Residential R1,0.1902 ha,,,Sep-08,2008/2009,1
KIL 11175,"Junction of Fat Kwong Street and Chung Hau Street, Homantin, Kowloon (Ex-Valley Road Estate Ph 2)",Residential R2,1.6151 ha,,,Oct-08,2008/2009,1
KIL 11120,"Hung Hom Bay Reclamation Site D1, Junction of Oi King Street and Hung Luen Road, Kowloon",Residential R2,0.7480 ha,,,Mar-09,2008/2009,1
IL 8949,"21, 23 and 25 Borrett Road, Mid-Levels West",Residential R2,0.7976 ha,,,Mar-09,2008/2009,1
NKIL 6195,"Cha Kwo Ling Road, Kwun Tong",Commercial (Including Public Car Park),0.4878 ha,,,Now,2008/2009,1
NKIL 6312,"Junction of Wang Chiu Road and Lam Lee Street, Kowloon Bay",Business,0.4297 ha,,,Now,2008/2009,1
NKIL 6313,"Cheung Yip Street, Kowloon Bay",Business,0.3795 ha,,,Now,2008/2009,1
Lot 1176 in DD 215,"Tui Min Hoi, Sai Kung",Commercial,0.1659 ha,,,Now,2008/2009,1
STTL 433,"Junction of On Yiu Street, On Kwan Street and On Lai Street, Shek Mun, Sha Tin",Business,0.8533 ha,,,Now,2008/2009,1
STTL 463,"Junction of On Yiu Street and On Kwan Street, Shek Mun, Sha Tin",Business,0.7997 ha,,,Now,2008/2009,1
IL 8941,"Central Market, Jubilee Street, Central",Commercial,0.4153 ha,,,Aug-08,2008/2009,1
YLTL 458,"Junction of Fu Yip Street and Wang Yip Street West, Tung Tau, Yuen Long",Business,0.4748 ha,,,Feb-09,2008/2009,1
IL 9020,"Western part of Ex-North Point Estate, North Point",Hotel,0.6000 ha,,,Mar-09,2008/2009,0
IL 8970,"373 Queen's Road East, Hong Kong",Hotel,0.0700 ha,,,Mar-09,2008/2009,0
KIL 11205,"Junction of Hung Luen Road and Wa Shun Street, Hung Hom Bay Reclamation, Kowloon",Hotel,1.6000 ha,,,Mar-09,2008/2009,0
StIL 91,"Hoi Fung Path, Stanley",Residential R3,0.0615 ha,,,Apr-08,2008/2009,0
Lot 673 in DD Peng Chau,"Tung Wan, Peng Chau (Site A)",Residential R3,0.1142 ha,,,Apr-08,2008/2009,0
Lot 674 in DD Peng Chau,"Tung Wan, Peng Chau (Site B)",Residential R3,0.1771 ha,,,Apr-08,2008/2009,0
Lot 1200 in DD 217,"Pak Sha Wan, Sai Kung",Residential R3,0.0190 ha,,,Apr-08,2008/2009,0
Lot 726 in DD 4,"Mui Wo, Lantau",Residential R3,0.2260 ha,,,Sep-08,2008/2009,0
Lot 1613 in DD 222,"Kap Pin Long, Sai Kung",Residential R4,0.1700 ha,,,Sep-08,2008/2009,0
NKIL 6493,"Inverness Road, Kowloon Tong",Residential R3,0.7040 ha,,,Mar-09,2008/2009,0
TCTL 37,"Tung Chung Area 55b, Lantau",Residential R2,2.6200 ha,,,Mar-09,2008/2009,0
Lot 750 in DD 85,"Queen's Hill, Fanling",Residential R3,16.4200 ha,,,Mar-09,2008/2009,0
TKOTL 76,Tseung Kwan O Area 66B,Residential R1,1.6100 ha,,,Mar-09,2008/2009,0
STTL 562,"Shatin Area 56A, Kau To (Site B5)",Residential R3,0.3910 ha,,,Mar-09,2008/2009,0
STTL 563,"Shatin Area 56A, Kau To (Site B6)",Residential R3,0.6060 ha,,,Mar-09,2008/2009,0
STTL 564,"Shatin Area 56A, Kau To (Site B7)",Residential R3,0.5200 ha,,,Mar-09,2008/2009,0
STTL 565,"Shatin Area 56A, Kau To (Site B1)",Residential R3,0.8480 ha,,,Mar-09,2008/2009,0
STTL 566,"Shatin Area 56A, Kau To (Site B2)",Residential R3,0.7780 ha,,,Mar-09,2008/2009,0
STTL 567,"Shatin Area 56A, Kau To (Site B3&4)",Residential R3,1.9100 ha,,,Mar-09,2008/2009,0
TPTL 200,"Pak Shek Kok Development Area, Phase 2, Site D1, Tai Po",Residential R3,2.0925 ha,,,Mar-09,2008/2009,0
TPTL 201,"Pak Shek Kok Development Area, Phase 2, Site D2, Tai Po",Residential R3,2.0925 ha,,,Mar-09,2008/2009,0
Lot 4309 in DD 124,"Tan Kwai Tsuen, Hung Shui Kiu, Yuen Long",Residential R3,1.1100 ha,,,Mar-09,2008/2009,0
KIL 11202,"Ex-Ho Man Tin Police Quarters, 81 Chung Hau Street, Homantin, Kowloon",Residential R2,0.4300 ha,,,Mar-09,2008/2009,0
NKIL 6498,"62 Begonia Road, Yau Yat Chuen, Kowloon Tong",Residential R3,0.2800 ha,,,Mar-09,2008/2009,0
IL 8998,"Chung Kong Road, adjacent to Shun Tak Centre, Hong Kong",Commercial,0.6028 ha,,,Mar-09,2008/2009,0
KIL 11111,"Junction of Hung Luen Road and Kin Wan Street, Hung Hom Bay Reclamation, Kowloon",Commercial,1.3900 ha,,,Mar-09,2008/2009,0
IL 8920,"Ex-Government Supplies Depot, Oil Street, North Point",Hotel / Residential / Commercial,1.1400 ha,,,Dec-09,2009/2010,1
NKIL 6311,"Junction of Sheung Yuet Road, Wang Tai Road and Wang Yuen Street, Kowloon Bay",Hotel,0.2579 ha,,,Now,2009/2010,1
NKIL 6314,"Junction of Kai Cheung Road and Wang Kwong Road, Kowloon Bay",Hotel,0.6600 ha,,,Now,2009/2010,1
NKIL 6269,"Junction of Wai Yip Street, Shun Yip Street and Hoi Bun Road, Kwun Tong",Hotel,0.7083 ha,,,Now,2009/2010,1
TSWTL 26,"Area 108A, Tin Shui Wai",Hotel,0.6500 ha,,,Now,2009/2010,1
Lot 1950 in DD 221,"Sai Kung Town, Area 4",Hotel,1.7940 ha,,,Now,2009/2010,1
IL 9020,"Western part of Ex-North Point Estate, North Point",Hotel,0.5360 ha,,,Dec-09,2009/2010,1
IL 8970,"373 Queen's Road East, Hong Kong",Hotel,0.0700 ha,,,Now,2009/2010,1
KIL 11205,"Junction of Hung Luen Road and Wa Shun Street, Hung Hom Bay Reclamation, Kowloon",Hotel,1.6000 ha,,,Dec-09,2009/2010,1
IL 9007,"103 Mt. Nicholson Road, The Peak, Hong Kong",Residential R3,2.3312 ha,,,Now,2009/2010,1
NKIL 6306,"1 Ede Road, Kowloon Tong",Residential R3,0.2399 ha,,,Now,2009/2010,1
Lot 676 in DD Peng Chau,Peng Chau,Residential R3,0.4564 ha,,,Now,2009/2010,1
Lot 734 in DD 4,"Mui Wo, Lantau",Residential R3,0.2419 ha,,,Now,2009/2010,1
FSSTL 225,"89-95 San Fung Avenue, Shek Wu Hui, Sheung Shui",Residential / Commercial,0.0306 ha,,,Now,2009/2010,1
FSSTL 202,"Area 21, Junction of Fan Leng Lau Road, Wo Muk Road and Luen Hing Street, Fanling",Residential R1,0.2560 ha,,,Now,2009/2010,1
FSSTL 177,"Area 19, Sha Tau Kok Road, Fanling",Residential R1,0.8900 ha,,,Now,2009/2010,1
TMTL 430,"Area 52, Fu Tei, Tuen Mun",Residential R4,0.3173 ha,,,Mar-10,2009/2010,1
Lot 2129 in DD 121,"Ping Kwai Road, Ping Shan, Yuen Long",Residential R3,0.6076 ha,,,Now,2009/2010,1
CWIL 175,"Lin Shing Road, Chai Wan",Residential R1,0.1804 ha,,,Now,2009/2010,1
IL 8872,"Hospital Road, Hong Kong",Residential R1,0.0573 ha,,,Now,2009/2010,1
KIL11125,"Ex-CAS Training Centre, 204 Argyle Street, Kowloon",Residential R2,0.7326 ha,,,Now,2009/2010,1
RBL 1165,"Near 110 Repulse Bay Road, Hong Kong",Residential R3,0.4250 ha,,,Now,2009/2010,1
RBL 1168,"Near 35 South Bay Road, Hong Kong",Residential R3,0.1338 ha,,,Now,2009/2010,1
NKIL 6423,"3 and 5 Ede Road, Kowloon Tong",Residential R3,0.2808 ha,,,Now,2009/2010,1
Lot 1588 in DD 243,"Pik Sha Road, Silverstrand, Clear Water Bay, Sai Kung",Residential R4,0.7615 ha,,,Now,2009/2010,1
KIL 11184,"Ex-Ko Shan Road Customs & Excise Service Married Quarters, 7 Ko Shan Road, Hung Hom, Kowloon",Residential R1,0.1902 ha,,,Jun-09,2009/2010,1
KIL 11175,"Junction of Fat Kwong Street and Chung Hau Street, Homantin, Kowloon (Ex-Valley Road Estate Ph 2)",Residential R2,1.6151 ha,,,Jun-09,2009/2010,1
KIL 11120,"Hung Hom Bay Reclamation Site D1, Junction of Oi King Street and Hung Luen Road, Kowloon",Residential R2,0.7551 ha,,,Jun-09,2009/2010,1
IL 8949,"21, 23 and 25 Borrett Road, Mid-Levels West",Residential R2,0.7976 ha,,,Mar-10,2009/2010,1
StIL 91,"Hoi Fung Path, Stanley",Residential R3,0.0615 ha,,,Now,2009/2010,1
Lot 673 in DD Peng Chau,"Tung Wan, Peng Chau (Site A)",Residential R3,0.1142 ha,,,Now,2009/2010,1
Lot 674 in DD Peng Chau,"Tung Wan, Peng Chau (Site B)",Residential R3,0.1780 ha,,,Now,2009/2010,1
Lot 726 in DD 4,"Mui Wo, Lantau",Residential R3,0.2260 ha,,,Now,2009/2010,1
Lot 1613 in DD 222,"Kap Pin Long, Sai Kung",Residential R4,0.1733 ha,,,Now,2009/2010,1
NKIL 6493,"Inverness Road, Kowloon Tong",Residential R3,0.7040 ha,,,Oct-09,2009/2010,1
TCTL 37,"Tung Chung Area 55b, Lantau",Residential R2,2.6200 ha,,,Now,2009/2010,1
Lot 750 in DD 85,"Queen's Hill, Fanling",Residential R3,16.4200 ha,,,Mar-10,2009/2010,1
TKOTL 76,Tseung Kwan O Area 66B,Residential R1,1.2300 ha,,,Oct-09,2009/2010,1
STTL 562,"Shatin Area 56A, Kau To (Site B5)",Residential R3,0.4680 ha,,,Now,2009/2010,1
STTL 563,"Shatin Area 56A, Kau To (Site B6)",Residential R3,0.5950 ha,,,Now,2009/2010,1
STTL 564,"Shatin Area 56A, Kau To (Site B7)",Residential R3,0.5480 ha,,,Now,2009/2010,1
STTL 565,"Shatin Area 56A, Kau To (Site B1)",Residential R3,0.8590 ha,,,Now,2009/2010,1
STTL 566,"Shatin Area 56A, Kau To (Site B2)",Residential R3,0.8080 ha,,,Now,2009/2010,1
STTL 567,"Shatin Area 56A, Kau To (Site B3&4)",Residential R3,1.9700 ha,,,Now,2009/2010,1
TPTL 200,"Pak Shek Kok Development Area, Phase 2, Site D1, Tai Po",Residential R3,2.0925 ha,,,Now,2009/2010,1
TPTL 201,"Pak Shek Kok Development Area, Phase 2, Site D2, Tai Po",Residential R3,2.0925 ha,,,Now,2009/2010,1
Lot 4309 in DD 124,"Tan Kwai Tsuen, Hung Shui Kiu, Yuen Long",Residential R3,1.1100 ha,,,Jun-09,2009/2010,1
NKIL 6498,"62 Begonia Road, Yau Yat Chuen, Kowloon Tong",Residential R3,0.2810 ha,,,Now,2009/2010,1
NKIL 6195,"Cha Kwo Ling Road, Kwun Tong",Commercial (Including Public Car Park),0.4878 ha,,,Now,2009/2010,1
NKIL 6312,"Junction of Wang Chiu Road and Lam Lee Street, Kowloon Bay",Business,0.4297 ha,,,Now,2009/2010,1
NKIL 6313,"Cheung Yip Street, Kowloon Bay",Business,0.3795 ha,,,Now,2009/2010,1
Lot 1176 in DD 215,"Tui Min Hoi, Sai Kung",Commercial,0.1659 ha,,,Now,2009/2010,1
STTL 433,"Junction of On Yiu Street, On Kwan Street and On Lai Street, Shek Mun, Sha Tin",Business,0.8533 ha,,,Now,2009/2010,1
STTL 463,"Junction of On Yiu Street and On Kwan Street, Shek Mun, Sha Tin",Business,0.7997 ha,,,Now,2009/2010,1
IL 8941,"Central Market, Jubilee Street, Central",Commercial,0.4153 ha,,,Now,2009/2010,1
YLTL 458,"Junction of Fu Yip Street and Wang Yip Street West, Tung Tau, Yuen Long",Business,0.4748 ha,,,Now,2009/2010,1
KIL 11111,"Junction of Hung Luen Road and Kin Wan Street, Hung Hom Bay Reclamation, Kowloon",Commercial,1.3900 ha,,,Dec-09,2009/2010,1
STTL 525,"Shatin Area 56A, Kau To (Site A)",Residential R2,2.1900 ha,,,Oct-09,2009/2010,0
STTL 482,"Site 11, Area 77, Ma On Shan, Sha Tin",Commercial,0.5220 ha,,,Mar-10,2009/2010,0
STTL 412,"Junction of On Kwan Street and On Lai Street, Shek Mun, Sha Tin",Business,0.5900 ha,,,Dec-09,2009/2010,0
TCTL 11,"Area 3A, Tung Chung, Lantau",Commercial,1.0000 ha,,,Dec-09,2009/2010,0
IL 8920,"Ex-Government Supplies Depot, Oil Street, North Point",Hotel and Residential / Commercial,0.7887 ha,,,Now,2010/2011,1
IL 9007,"103 Mt. Nicholson Road, The Peak, Hong Kong",Residential R3,2.3312 ha,,,Now,2010/2011,1
IL 8949,"21, 23 and 25 Borrett Road, Mid-Levels West",Residential R2,1.0488 ha,,,Now,2010/2011,1
KIL 11175,"Junction of Fat Kwong Street and Chung Hau Street, Homantin, Kowloon (Ex-Valley Road Estate Ph 2)",Residential R2,1.6151 ha,,,Now,2010/2011,1
NKIL 6493,"Inverness Road, Kowloon Tong",Residential R3,0.7046 ha,,,Now,2010/2011,1
IL 8963,"Former Lingnan College Site, Stubbs Road",Residential R3,1.4900 ha,,,Mar-11,2010/2011,0
NKIL 6311,"Junction of Sheung Yuet Road, Wang Tai Road and Wang Yuen Street, Kowloon Bay",Hotel,0.2579 ha,,,Now,2010/2011,1
NKIL 6314,"Junction of Kai Cheung Road and Wang Kwong Road, Kowloon Bay",Hotel,0.6600 ha,,,Now,2010/2011,1
NKIL 6269,"Junction of Wai Yip Street, Shun Yip Street and Hoi Bun Road, Kwun Tong",Hotel,0.7083 ha,,,Now,2010/2011,1
TSWTL 26,"Area 108A, Tin Shui Wai",Hotel,0.6500 ha,,,Now,2010/2011,1
Lot 1950 in DD 221,"Sai Kung Town, Area 4",Hotel,1.7940 ha,,,Now,2010/2011,1
IL 9020,"Western part of Ex-North Point Estate, North Point",Hotel,0.5369 ha,,,Now,2010/2011,1
IL 8970,"373 Queen's Road East, Hong Kong",Hotel,0.0717 ha,,,Now,2010/2011,1
KIL 11205,"Junction of Hung Luen Road and Wa Shun Street, Hung Hom Bay Reclamation, Kowloon",Hotel,1.5623 ha,,,Now,2010/2011,1
NKIL 6306,"1 Ede Road, Kowloon Tong",Residential R3,0.2399 ha,,,Now,2010/2011,1
NKIL 6423,"3 and 5 Ede Road, Kowloon Tong",Residential R3,0.2808 ha,,,Now,2010/2011,1
Lot 676 in DD Peng Chau,Peng Chau,Residential R3,0.4564 ha,,,Now,2010/2011,1
Lot 734 in DD 4,"Mui Wo, Lantau",Residential R3,0.2419 ha,,,Now,2010/2011,1
FSSTL 202,"Area 21, Junction of Fan Leng Lau Road, Wo Muk Road and Luen Hing Street, Fanling",Residential R1,0.2560 ha,,,Now,2010/2011,1
FSSTL 177,"Area 19, Sha Tau Kok Road, Fanling",Residential R1,0.8900 ha,,,Now,2010/2011,1
Lot 2129 in DD 121,"Ping Kwai Road, Ping Shan, Yuen Long",Residential R3,0.6076 ha,,,Now,2010/2011,1
CWIL 175,"Lin Shing Road, Chai Wan",Residential R1,0.1804 ha,,,Now,2010/2011,1
KIL11125,"Ex-CAS Training Centre, 204 Argyle Street, Kowloon",Residential R2,0.7326 ha,,,Now,2010/2011,1
RBL 1165,"Near 110 Repulse Bay Road, Hong Kong",Residential R3,0.4250 ha,,,Now,2010/2011,1
RBL 1168,"Near 35 South Bay Road, Hong Kong",Residential R3,0.1338 ha,,,Now,2010/2011,1
Lot 1588 in DD 243,"Pik Sha Road, Silverstrand, Clear Water Bay, Sai Kung",Residential R4,0.7615 ha,,,Now,2010/2011,1
KIL 11184,"Ex-Ko Shan Road Customs & Excise Service Married Quarters, 7 Ko Shan Road, Hung Hom, Kowloon",Residential R1,0.1902 ha,,,Now,2010/2011,1
KIL 11120,"Hung Hom Bay Reclamation Site D1, Junction of Oi King Street and Hung Luen Road, Kowloon",Residential R2,0.7551 ha,,,Now,2010/2011,1
StIL 91,"Hoi Fung Path, Stanley",Residential R3,0.0615 ha,,,Now,2010/2011,1
Lot 673 in DD Peng Chau,"Tung Wan, Peng Chau (Site A)",Residential R3,0.1142 ha,,,Now,2010/2011,1
Lot 674 in DD Peng Chau,"Tung Wan, Peng Chau (Site B)",Residential R3,0.1780 ha,,,Now,2010/2011,1
Lot 726 in DD 4,"Mui Wo, Lantau",Residential and Commercial,0.2260 ha,,,Now,2010/2011,1
Lot 1613 in DD 222,"Kap Pin Long, Sai Kung",Residential R4,0.1733 ha,,,Now,2010/2011,1
TCTL 37,"Tung Chung Area 55b, Lantau",Residential R2,2.6200 ha,,,Now,2010/2011,1
STTL 562,"Shatin Area 56A, Kau To (Site B5)",Residential R3,0.4680 ha,,,Now,2010/2011,1
STTL 563,"Shatin Area 56A, Kau To (Site B6)",Residential R3,0.5950 ha,,,Now,2010/2011,1
STTL 564,"Shatin Area 56A, Kau To (Site B7)",Residential R3,0.5480 ha,,,Now,2010/2011,1
STTL 565,"Shatin Area 56A, Kau To (Site B1)",Residential R3,0.8590 ha,,,Now,2010/2011,1
STTL 566,"Shatin Area 56A, Kau To (Site B2)",Residential R3,0.8080 ha,,,Now,2010/2011,1
STTL 567,"Shatin Area 56A, Kau To (Site B3&4)",Residential R3,1.9700 ha,,,Now,2010/2011,1
STTL 525,"Shatin Area 56A, Kau To (Site A)",Residential R2,2.3085 ha,,,Now,2010/2011,1
Lot 4309 in DD 124,"Tan Kwai Tsuen, Hung Shui Kiu, Yuen Long",Residential R3,1.1192 ha,,,Now,2010/2011,1
NKIL 6498,"62 Begonia Road, Yau Yat Chuen, Kowloon Tong",Residential R3,0.2810 ha,,,Now,2010/2011,1
TMTL 430,"Area 52, Fu Tei, Tuen Mun",Residential R4,0.3173 ha,,,Mar-11,2010/2011,1
NKIL 6195,"Cha Kwo Ling Road, Kwun Tong",Commercial (Including Public Car Park),0.4878 ha,,,Now,2010/2011,1
NKIL 6312,"Junction of Wang Chiu Road and Lam Lee Street, Kowloon Bay",Business,0.4297 ha,,,Now,2010/2011,1
NKIL 6313,"Cheung Yip Street, Kowloon Bay",Business,0.3795 ha,,,Now,2010/2011,1
Lot 1176 in DD 215,"Tui Min Hoi, Sai Kung",Commercial,0.1659 ha,,,Now,2010/2011,1
YLTL 458,"Junction of Fu Yip Street and Wang Yip Street West, Tung Tau, Yuen Long",Business,0.4748 ha,,,Now,2010/2011,1
KIL 11111,"Junction of Hung Luen Road and Kin Wan Street, Hung Hom Bay Reclamation, Kowloon",Commercial,1.3703 ha,,,Now,2010/2011,1
TCTL 11,"Area 3A, Tung Chung, Lantau",Commercial,1.0026 ha,,,Apr-10,2010/2011,1
STTL 482,"Site 11, Area 77, Ma On Shan, Sha Tin",Commercial,0.5090 ha,,,Aug-10,2010/2011,1
RBL 1190,"8-12 Deep Water Bay Drive, Shouson Hill",Residential R3,1.0249 ha,,,Dec-10,2010/2011,0
Lot 724 in DD 332,"Cheung Sha Site 406, Lantau",Residential R4,0.7390 ha,,,Nov-10,2010/2011,0
Lot 726 in DD 332,"Cheung Sha Site 407, Lantau",Residential R4,0.7540 ha,,,Nov-10,2010/2011,0
Lot 1282 in DD 253,"Junction of Pak Shek Wo San Tsuen Road and Clear Water Bay Road, Sai Kung",Residential R3,0.2384 ha,,,Mar-11,2010/2011,0
Lot 678 in DD Peng Chau,Peng Chau,Residential and Commercial,0.5200 ha,,,Aug-10,2010/2011,0
HHIL 556,"5-23 Lee Kung Street, Hung Hom",Residential R1,0.1300 ha,,,Sep-10,2010/2011,0
Lot 2086 in DD 105,"Ngau Tam Mei, off San Tam Road, near Maple Gardens, Yuen Long",Residential R4,2.3580 ha,,,Mar-11,2010/2011,0
TMTL 490,"Castle Peak Road, Tai Lam Chung, Tuen Mun",Residential R3,0.2050 ha,,,Jan-11,2010/2011,0
TMTL 434,"Junction of Ka Wo Li Hill Road and Castle Peak Road, Area 55, So Kwun Wat, Tuen Mun",Residential R3,0.3600 ha,,,Jan-11,2010/2011,0
HHIL 555,"Junction of Bulkeley Street and Gillies Avenue South, Hung Hom",Residential R1,0.0575 ha,,,Mar-11,2010/2011,0
IL 8949,"21, 23 and 25 Borrett Road, Mid-Levels West",Residential R2,1.0488 ha,,,Apr-11,2011/2012,1
KIL 11184,"Ex-Ko Shan Road Customs & Excise Service Married Quarters, 7 Ko Shan Road, Hung Hom, Kowloon",Residential R1,0.1902 ha,,,Apr-11,2011/2012,1
IL 8963,"Former Lingnan College Site, Stubbs Road",Residential R3,1.4900 ha,,,Apr-11,2011/2012,1
IL 8920,"Ex-Government Supplies Depot, Oil Street, North Point",Hotel and Residential / Commercial,0.7887 ha,,,Jun-11,2011/2012,1
Lot 1950 in DD 221,"Sai Kung Town, Area 4",Hotel,1.7940 ha,,,Apr-11,2011/2012,1
IL 8970,"373 Queen's Road East, Hong Kong",Hotel,0.0717 ha,,,Apr-11,2011/2012,1
NKIL 6269,"Junction of Wai Yip Street, Shun Yip Street and Hoi Bun Road, Kwun Tong",Business,0.7083 ha,,,Apr-11,2011/2012,1
NKIL 6314,"Junction of Kai Cheung Road and Wang Kwong Road, Kowloon Bay",Commercial,0.6600 ha,,,Apr-11,2011/2012,1
TSWTL 26,"Area 108A, Tin Shui Wai",Commercial,0.6500 ha,,,Apr-11,2011/2012,1
STTL 463,"Junction of On Yiu Street and On Kwan Street, Shek Mun, Sha Tin",Business,0.7997 ha,,,Apr-11,2011/2012,0
STTL 412,"Junction of On Kwan Street and On Lai Street, Shek Mun, Sha Tin",Business,0.6540 ha,,,Jul-11,2011/2012,0
Lot 2086 in DD 105,"Ngau Tam Mei, off San Tam Road, near Maple Gardens, Yuen Long",Residential R4,2.3480 ha,,,Apr-11,2011/2012,1
Lot 2129 in DD 121,"Ping Kwai Road, Ping Shan, Yuen Long",Residential R3,0.6076 ha,,,Apr-11,2011/2012,1
RBL 1165,"Near 110 Repulse Bay Road, Hong Kong",Residential R3,0.4250 ha,,,Apr-11,2011/2012,1
RBL 1168,"Near 35 South Bay Road, Hong Kong",Residential R3,0.1338 ha,,,Apr-11,2011/2012,1
RBL 1190,"8-12 Deep Water Bay Drive, Shouson Hill",Residential R3,1.0249 ha,,,Apr-11,2011/2012,1
StIL 91,"Hoi Fung Path, Stanley",Residential R3,0.0615 ha,,,Apr-11,2011/2012,1
Lot 1588 in DD 243,"Pik Sha Road, Silverstrand, Clear Water Bay, Sai Kung",Residential R4,0.7615 ha,,,Apr-11,2011/2012,1
Lot 1613 in DD 222,"Kap Pin Long, Sai Kung",Residential R4,0.1733 ha,,,Apr-11,2011/2012,1
Lot 1282 in DD 253,"Junction of Pak Shek Wo San Tsuen Road and Clear Water Bay Road, Sai Kung",Residential R3,0.2400 ha,,,Apr-11,2011/2012,1
NKIL 6498,"62 Begonia Road, Yau Yat Chuen, Kowloon Tong",Residential R3,0.2810 ha,,,Apr-11,2011/2012,1
Lot 673 in DD Peng Chau,"Tung Wan, Peng Chau (Site A)",Residential R3,0.1142 ha,,,Apr-11,2011/2012,1
Lot 674 in DD Peng Chau,"Tung Wan, Peng Chau (Site B)",Residential R3,0.1780 ha,,,Apr-11,2011/2012,1
Lot 676 in DD Peng Chau,Peng Chau,Residential R3,0.4564 ha,,,Apr-11,2011/2012,1
Lot 678 in DD Peng Chau,Peng Chau,Residential and Commercial,0.5200 ha,,,Apr-11,2011/2012,1
Lot 726 in DD 4,"Mui Wo, Lantau",Residential and Commercial,0.2260 ha,,,Apr-11,2011/2012,1
Lot 724 in DD 332,"Cheung Sha Site 406, Lantau",Residential R4,0.7410 ha,,,Apr-11,2011/2012,1
Lot 726 in DD 332,"Cheung Sha Site 407, Lantau",Residential R4,0.7550 ha,,,Apr-11,2011/2012,1
STTL 525,"Shatin Area 56A, Kau To (Site A)",Residential R2,2.3056 ha,,,Apr-11,2011/2012,1
STTL 562,"Shatin Area 56A, Kau To (Site B5)",Residential R3,0.4680 ha,,,Apr-11,2011/2012,1
STTL 563,"Shatin Area 56A, Kau To (Site B6)",Residential R3,0.5950 ha,,,Apr-11,2011/2012,1
STTL 564,"Shatin Area 56A, Kau To (Site B7)",Residential R3,0.5480 ha,,,Apr-11,2011/2012,1
STTL 565,"Shatin Area 56A, Kau To (Site B1)",Residential R3,0.8590 ha,,,Apr-11,2011/2012,1
STTL 566,"Shatin Area 56A, Kau To (Site B2)",Residential R3,0.8080 ha,,,Apr-11,2011/2012,1
STTL 567,"Shatin Area 56A, Kau To (Site B3&4)",Residential R3,1.9700 ha,,,Apr-11,2011/2012,1
TMTL 430,"Area 52, Fu Tei, Tuen Mun",Residential R4,0.3173 ha,,,Apr-11,2011/2012,1
Lot 4309 in DD 124,"Tan Kwai Tsuen, Hung Shui Kiu, Yuen Long",Residential R3,1.1192 ha,,,Jun-11,2011/2012,1
TMTL 434,"Junction of Ka Wo Li Hill Road and Castle Peak Road, Area 55, So Kwun Wat, Tuen Mun",Residential R3,0.3550 ha,,,Jun-11,2011/2012,1
TMTL 490,"Castle Peak Road, Tai Lam Chung, Tuen Mun",Residential R3,0.2050 ha,,,Jun-11,2011/2012,1
IL 9020,"Western part of Ex-North Point Estate, North Point",Hotel,0.5369 ha,,,Apr-11,2011/2012,1
KIL 11205,"Junction of Hung Luen Road and Wa Shun Street, Hung Hom Bay Reclamation, Kowloon",Hotel,1.5623 ha,,,Apr-11,2011/2012,1
NKIL 6195,"Cha Kwo Ling Road, Kwun Tong",Commercial (Including Public Car Park),0.4878 ha,,,Apr-11,2011/2012,1
NKIL 6311,"Junction of Sheung Yuet Road, Wang Tai Road and Wang Yuen Street, Kowloon Bay",Business,0.2579 ha,,,Apr-11,2011/2012,1
NKIL 6312,"Junction of Wang Chiu Road and Lam Lee Street, Kowloon Bay",Business,0.4297 ha,,,Apr-11,2011/2012,1
NKIL 6313,"Cheung Yip Street, Kowloon Bay",Business,0.3795 ha,,,Apr-11,2011/2012,1
Lot 1176 in DD 215,"Tui Min Hoi, Sai Kung",Commercial,0.1659 ha,,,Apr-11,2011/2012,1
KIL 11111,"Junction of Hung Luen Road and Kin Wan Street, Hung Hom Bay Reclamation, Kowloon",Commercial,1.3703 ha,,,Apr-11,2011/2012,1
STTL 482,"Site 11, Area 77, Ma On Shan, Sha Tin",Commercial,0.5090 ha,,,Apr-11,2011/2012,1
TCTL 11,"Area 3A, Tung Chung, Lantau",Commercial,1.0026 ha,,,Apr-11,2011/2012,1
KIL 11227,"Junction of Sheung Lok Street and Sheung Shing Street, former Homantin Estate Redevelopment Ph 2 and 7 sites",Residential R2,2.0810 ha,,,Jul-11,2011/2012,0
KIL 11228,"Junction of Fat Kwong Street and Sheung Foo Street, former Homantin Estate Redevelopment Ph 3 site",Residential R2,0.7191 ha,,,Jul-11,2011/2012,0
TMTL 436,"Kwun Fat Street, Siu Lam, Tuen Mun",Residential R4,0.8980 ha,,,Aug-11,2011/2012,0
TMTL 423,"Ex-Perowne Barracks North site, Area 48, Castle Peak Road, Tuen Mun",Residential R3,6.6970 ha,,,Oct-11,2011/2012,0
TKOTL 113,Tseung Kwan O Area 66A,Residential R2,1.3400 ha,,,Oct-11,2011/2012,0
TKOTL 114,Tseung Kwan O Area 66C1,Residential R2,0.4340 ha,,,Oct-11,2011/2012,0
TKOTL 115,Tseung Kwan O Area 66D1,Residential R2,0.5030 ha,,,Oct-11,2011/2012,0
TKOTL 119,Tseung Kwan O Area 66B2,Residential R2,0.8260 ha,,,Oct-11,2011/2012,0
ApIIL 135,Junction of Ap Lei Chau Drive and Ap Lei Chau Praya Road,Residential R1,0.3050 ha,,,Nov-11,2011/2012,0
IL 9027,"Eastern part of ex-North Point Estate, North Point",Residential and Commercial,2.9300 ha,,,Mar-12,2011/2012,0
TKOTL 95,Tseung Kwan O Area 68A,Residential R3,3.7300 ha,,,Mar-12,2011/2012,0
TKOTL 117,Tseung Kwan O Area 66C2,Residential R3,1.3000 ha,,,Mar-12,2011/2012,0
TKOTL 118,Tseung Kwan O Area 66D2,Residential R3,1.5000 ha,,,Mar-12,2011/2012,0
STTL 574,"Lok Wo Sha, Ma On Shan, Sha Tin",Residential R3,1.7400 ha,,,Mar-12,2011/2012,0
TMTL 495,"So Kwun Wat, Tuen Mun, near Grandview Terrace",Residential R4,0.1950 ha,,,Mar-12,2011/2012,0
RBL 1190,"8-12 Deep Water Bay Drive, Shouson Hill",Residential R3,1.0249 ha,,,Now,2012/2013,1
Lot 673 in DD Peng Chau,"Tung Wan, Peng Chau (Site A)",Residential R3,0.1142 ha,,,Now,2012/2013,1
Lot 674 in DD Peng Chau,"Tung Wan, Peng Chau (Site B)",Residential R3,0.1780 ha,,,Now,2012/2013,1
Lot 678 in DD Peng Chau,Peng Chau,Residential and Commercial,0.5200 ha,,,Now,2012/2013,1
STTL 562,"Area 56A, Kau To, Sha Tin (Site B5)",Residential R3,0.4680 ha,,,Now,2012/2013,1
STTL 563,"Area 56A, Kau To, Sha Tin (Site B6)",Residential R3,0.5950 ha,,,Now,2012/2013,1
STTL 565,"Area 56A, Kau To, Sha Tin (Site B1)",Residential R3,0.8590 ha,,,Now,2012/2013,1
STTL 566,"Area 56A, Kau To, Sha Tin (Site B2)",Residential R3,0.8080 ha,,,Now,2012/2013,1
STTL 567,"Area 56A, Kau To, Sha Tin (Site B3&4)",Residential R3,1.9700 ha,,,Now,2012/2013,1
TMTL 430,"Area 52, Fu Tei, Tuen Mun",Residential R4,0.3173 ha,,,Now,2012/2013,1
TMTL 434,"Junction of Ka Wo Li Hill Road and Castle Peak Road, Area 55, So Kwun Wat, Tuen Mun",Residential R3,0.3457 ha,,,Now,2012/2013,1
TMTL 490,"Castle Peak Road, Tai Lam Chung, Tuen Mun",Residential R3,0.2050 ha,,,Now,2012/2013,1
KIL 11227,"Junction of Sheung Lok Street and Sheung Shing Street, Ho Man Tin",Residential R2,2.4077 ha,,,Now,2012/2013,1
KIL 11228,"Junction of Fat Kwong Street and Sheung Foo Street, Ho Man Tin",Residential R2,0.7714 ha,,,Now,2012/2013,1
TKOTL 117,Tseung Kwan O Area 66C2,Residential R3,1.2915 ha,,,Mar-12,2012/2013,1
TKOTL 118,Tseung Kwan O Area 66D2,Residential R3,1.4954 ha,,,Mar-12,2012/2013,1
STTL 574,"Lok Wo Sha, Ma On Shan, Sha Tin",Residential R2,1.4400 ha,,,Mar-12,2012/2013,1
TMTL 495,"Kwun Fung Street, Siu Lam, Tuen Mun",Residential R4,0.2010 ha,,,Mar-12,2012/2013,1
TKOTL 114,Tseung Kwan O Area 66C1,Residential R2,0.4352 ha,,,Apr-12,2012/2013,1
TKOTL 115,Tseung Kwan O Area 66D1,Residential R2,0.5026 ha,,,Apr-12,2012/2013,1
IL 9027,"Eastern part of ex-North Point Estate, North Point",Residential and Commercial,2.3400 ha,,,May-12,2012/2013,1
TKOTL 95,Tseung Kwan O Area 68A2,Residential R3,2.1306 ha,,,May-12,2012/2013,1
TKOTL 125,Tseung Kwan O Area 68A1,Residential R3,1.5969 ha,,,May-12,2012/2013,1
IL 9020,"Western part of Ex-North Point Estate, North Point",Hotel,0.5369 ha,,,Now,2012/2013,1
IL 9036,"Murray Building, Cotton Tree Drive, Hong Kong",Hotel,0.6330 ha,,,Mar-13,2012/2013,1
STTL 482,"Site 11, Area 77, Ma On Shan, Sha Tin",Commercial,0.5090 ha,,,Now,2012/2013,1
TCTL 11,"Area 3A, Tung Chung, Lantau Island",Commercial,1.0026 ha,,,Now,2012/2013,1
IL 8947,"123 Gloucester Road and 219-227 Lockhart Road, former Wan Chai Police Station cum Wan Chai Police Married Quarters",Hotel / Commercial / Community & Cultural,0.3950 ha,,,Mar-13,2012/2013,1
Lot 750 in DD 332,"South Lantau Road, Cheung Sha, Lantau Island",Residential R4,0.1440 ha,,,Mar-12,2012/2013,0
STTL 579,"Area 56A, Kau To, Sha Tin",Residential R3,3.2910 ha,,,Apr-12,2012/2013,0
STTL 578,"Area 56A, Kau To, Sha Tin",Residential R3,1.7389 ha,,,May-12,2012/2013,0
KIL 11229,"7 Kwun Chung Street, Jordan, Kowloon",Residential R1,0.0263 ha,,,Jun-12,2012/2013,0
TMTL 435,"Area 55, Castle Peak Road, Tuen Mun",Residential R3,1.1600 ha,,,Aug-12,2012/2013,0
Lot 1949 in DD 221,"Sha Kok Mei, Sai Kung",Residential R3,1.5600 ha,,,Oct-12,2012/2013,0
TMTL 427,"Junction of So Kwun Wat Road and Kwun Chui Road, Tuen Mun",Residential R3,2.8160 ha,,,Dec-12,2012/2013,0
TMTL 498,"Junction of Wu On Street and Wu Hong Street, Tuen Mun",Residential R2,0.2260 ha,,,Dec-12,2012/2013,0
TMTL 497,"So Kwun Wat Road, Tuen Mun (opposite to A.D. & F.D. of Pok Oi Hospital Mrs. Cheng Yam On Millennium School)",Residential R3,0.3370 ha,,,Jan-13,2012/2013,0
NKIL 6516,"Kai Tak Area 1H Site 1, Kowloon",Residential R2,0.7772 ha,,,Jan-13,2012/2013,0
NKIL 6517,"Kai Tak Area 1H Site 2, Kowloon",Residential R2,0.8586 ha,,,Jan-13,2012/2013,0
TPTL 208,"Fo Chun Road, Pak Shek Kok, Tai Po",Residential R2,1.5000 ha,,,Jan-13,2012/2013,0
TPTL 211,"Fo Chun Road, Pak Shek Kok, Tai Po",Residential R2,1.5000 ha,,,Jan-13,2012/2013,0
IL 9048,"Schooner Street, Wan Chai",Residential R2,0.0270 ha,,,Feb-13,2012/2013,0
IL 9049,"Sik On Street, Wan Chai",Residential R2,0.0249 ha,,,Feb-13,2012/2013,0
RBL 1197,"Mount Austin Road, The Peak, Hong Kong",Residential R3,0.1306 ha,,,Feb-13,2012/2013,0
STTL 581,"Whitehead, Ma On Shan, Sha Tin",Residential R3,3.8024 ha,,,Feb-13,2012/2013,0
TKOTL 93,Tseung Kwan O Area 68B1,Residential R3,2.6850 ha,,,Feb-13,2012/2013,0
TKOTL 126,Tseung Kwan O Area 68B2,Residential R3,2.6843 ha,,,Feb-13,2012/2013,0
TKOTL 112,Tseung Kwan O Area 65C1,Residential R3,1.4000 ha,,,Feb-13,2012/2013,0
TKOTL 124,Tseung Kwan O Area 65C2,Residential R3,1.9900 ha,,,Feb-13,2012/2013,0
YLTL 528,"Tak Yip Street, Tung Tau, Yuen Long",Residential R2,0.4400 ha,,,Feb-13,2012/2013,0
Lot 1003 in DD 40,"Junction of Shun Lung Street and Shun Cheong Street, Sha Tau Kok",Residential R2,0.3344 ha,,,Mar-13,2012/2013,0
Lot 1004 in DD 40,"Che Ping Street, Sha Tau Kok",Residential R2,0.0458 ha,,,Mar-13,2012/2013,0
KIL 11235,"Junction of Argyle Street and Canton Road, Kowloon (ex-Mong Kok Market Site)",Commercial / Office / Hotel,0.1240 ha,,,Mar-13,2012/2013,0
