Original,Clean,Source
5352 in DD 51) FSSTL 34 (LOT,FSSTL34,landsale.csv
ABERDEEN 3 INLAND LOT NO. 465,AIL465,landsale.csv
ABERDEEN INLAND LOT NO. 462,AIL462,landsale.csv
AIL 421,AIL421,landsale.csv
AIL 422,AIL422,landsale.csv
AIL 423,AIL423,landsale.csv
AIL 435,AIL435,landsale.csv
AIL 436,AIL436,landsale.csv
AIL 450,AIL450,landsale.csv
AIL 451,AIL451,ALS_Concat_Cleaned.csv & landsale.csv
AIL 457,AIL457,landsale.csv
AIL 458,AIL458,landsale.csv
AIL 460,AIL460,landsale.csv
AP LEI CHAU AP INLAND LOT NO. 137,APIL137,landsale.csv
AP LEI CHAU INLAND LOT NO. 136,APIL136,landsale.csv
ApIIL 135,APIL135,ALS_Concat_Cleaned.csv
APIL 122,APIL122,landsale.csv
APIL 124,APIL124,landsale.csv
APIL 125,APIL125,landsale.csv
APIL 129,APIL129,landsale.csv
APIL 130,APIL130,landsale.csv
AplIL 128,APIL128,landsale.csv
AplIL 135,APIL135,landsale.csv
CHAI WAN INLAND LOT NO. 185,CWIL185,landsale.csv
CWIL 103,CWIL103,landsale.csv
CWIL 124,CWIL124,landsale.csv
CWIL 126,CWIL126,landsale.csv
CWIL 128,CWIL128,landsale.csv
CWIL 131,CWIL131,landsale.csv
CWIL 132,CWIL132,landsale.csv
CWIL 134,CWIL134,landsale.csv
CWIL 138,CWIL138,landsale.csv
CWIL 139,CWIL139,landsale.csv
CWIL 144,CWIL144,landsale.csv
CWIL 146,CWIL146,landsale.csv
CWIL 148,CWIL148,landsale.csv
CWIL 149,CWIL149,landsale.csv
CWIL 152,CWIL152,landsale.csv
CWIL 154,CWIL154,landsale.csv
CWIL 156,CWIL156,landsale.csv
CWIL 165,CWIL165,ALS_Concat_Cleaned.csv
CWIL 171,CWIL171,landsale.csv
CWIL 175,CWIL175,ALS_Concat_Cleaned.csv
FANLING SHEUNG SHUI TOWN LOT NO. 245,FSSTL245,landsale.csv
FANLING SHEUNG SHUI TOWN LOT NO. 247,FSSTL247,landsale.csv
FANLING SHEUNG SHUI TOWN LOT NO. 255,FSSTL255,landsale.csv
FANLING SHEUNG SHUI TOWN LOT NO. 260,FSSTL260,landsale.csv
FANLING SHEUNG SHUI TOWN LOT NO. 267,FSSTL267,landsale.csv
FANLING SHEUNG SHUI TOWN LOT NO. 268 ON,FSSTL268,landsale.csv
FANLING SHEUNG SHUI TOWN LOT NO. 270,FSSTL270,landsale.csv
FANLING SHEUNG SHUI TOWN LOT NO. 278,FSSTL278,landsale.csv
FANLING SHEUNG SHUI TOWN LOT NO. 279,FSSTL279,landsale.csv
FANLING SHEUNG TOWN LOT NO. 273,FSSTL273,landsale.csv
FSSTL 1 (LOT 5388 in DD 51),FSSTL1,landsale.csv
FSSTL 100,FSSTL100,landsale.csv
FSSTL 112,FSSTL112,landsale.csv
FSSTL 113,FSSTL113,landsale.csv
FSSTL 116,FSSTL116,landsale.csv
FSSTL 117,FSSTL117,landsale.csv
FSSTL 125,FSSTL125,landsale.csv
FSSTL 126,FSSTL126,landsale.csv
FSSTL 127,FSSTL127,landsale.csv
FSSTL 132,FSSTL132,landsale.csv
FSSTL 147,FSSTL147,landsale.csv
FSSTL 148,FSSTL148,landsale.csv
FSSTL 149,FSSTL149,landsale.csv
FSSTL 163,FSSTL163,landsale.csv
FSSTL 17,FSSTL17,landsale.csv
FSSTL 177,FSSTL177,ALS_Concat_Cleaned.csv & landsale.csv
FSSTL 183,FSSTL183,landsale.csv
FSSTL 185,FSSTL185,landsale.csv
FSSTL 186,FSSTL186,landsale.csv
FSSTL 195,FSSTL195,landsale.csv
FSSTL 20,FSSTL20,landsale.csv
FSSTL 202,FSSTL202,ALS_Concat_Cleaned.csv & landsale.csv
FSSTL 225,FSSTL225,ALS_Concat_Cleaned.csv & landsale.csv
FSSTL 235,FSSTL235,landsale.csv
FSSTL 237,FSSTL237,landsale.csv
FSSTL 29 (LOT 5355 DD 51),FSSTL29,landsale.csv
FSSTL 3 (LOT 5345 in 51),FSSTL3,landsale.csv
FSSTL 30 (LOT 5335 in DD 51),FSSTL30,landsale.csv
FSSTL 33 (LOT 2309 DD 83),FSSTL33,landsale.csv
FSSTL 35,FSSTL35,landsale.csv
FSSTL 37 (LOT 5349 in 51),FSSTL37,landsale.csv
FSSTL 38,FSSTL38,landsale.csv
FSSTL 45,FSSTL45,landsale.csv
FSSTL 46,FSSTL46,landsale.csv
FSSTL 48,FSSTL48,landsale.csv
FSSTL 49,FSSTL49,landsale.csv
FSSTL 50,FSSTL50,landsale.csv
FSSTL 51,FSSTL51,landsale.csv
FSSTL 52,FSSTL52,landsale.csv
FSSTL 53,FSSTL53,landsale.csv
FSSTL 54,FSSTL54,landsale.csv
FSSTL 55 in DD 91,FSSTL55,landsale.csv
FSSTL 56 in DD 91,FSSTL56,landsale.csv
FSSTL 57-DD 91,FSSTL57,landsale.csv
FSSTL 69,FSSTL69,landsale.csv
FSSTL 71,FSSTL71,landsale.csv
FSSTL 80,FSSTL80,landsale.csv
FSSTL 82,FSSTL82,landsale.csv
FSSTL 83,FSSTL83,landsale.csv
FSSTL 93,FSSTL93,landsale.csv
FSSTL 94,FSSTL94,landsale.csv
FSSTL 95,FSSTL95,landsale.csv
FSSTL 96,FSSTL96,landsale.csv
FSSTL 97,FSSTL97,landsale.csv
FSSTL 98,FSSTL98,landsale.csv
FSSTL 99,FSSTL99,landsale.csv
FSSTL129,FSSTL129,landsale.csv
FSSTL14 (LOT 5334 in DD 51),FSSTL14,landsale.csv
HHIL 545,HHIL545,landsale.csv
HHIL 550,HHIL550,landsale.csv
HHIL 555,HHIL555,ALS_Concat_Cleaned.csv & landsale.csv
HHIL 556,HHIL556,ALS_Concat_Cleaned.csv & landsale.csv
IL 8571,IL8571,landsale.csv
IL 8582,IL8582,landsale.csv
IL 8621,IL8621,landsale.csv
IL 8628,IL8628,landsale.csv
IL 8633,IL8633,landsale.csv
IL 8634,IL8634,landsale.csv
IL 8638,IL8638,landsale.csv
IL 8642,IL8642,landsale.csv
IL 8643,IL8643,landsale.csv
IL 8651,IL8651,landsale.csv
IL 8653,IL8653,landsale.csv
IL 8655,IL8655,landsale.csv
IL 8656,IL8656,landsale.csv
IL 8657,IL8657,landsale.csv
IL 8658,IL8658,landsale.csv
IL 8667,IL8667,landsale.csv
IL 8678,IL8678,landsale.csv
IL 8681,IL8681,landsale.csv
IL 8682,IL8682,landsale.csv
IL 8687,IL8687,landsale.csv
IL 8688,IL8688,landsale.csv
IL 8690,IL8690,landsale.csv
IL 8694,IL8694,landsale.csv
IL 8734,IL8734,landsale.csv
IL 8740,IL8740,landsale.csv
IL 8781,IL8781,landsale.csv
IL 8799,IL8799,landsale.csv
IL 8800,IL8800,landsale.csv
IL 8822,IL8822,landsale.csv
IL 8823,IL8823,landsale.csv
IL 8828,IL8828,landsale.csv
IL 8868,IL8868,landsale.csv
IL 8870,IL8870,landsale.csv
IL 8871,IL8871,landsale.csv
IL 8872,IL8872,ALS_Concat_Cleaned.csv
IL 8874,IL8874,landsale.csv
IL 8882,IL8882,landsale.csv
IL 8888,IL8888,landsale.csv
IL 8914,IL8914,ALS_Concat_Cleaned.csv
IL 8920,IL8920,ALS_Concat_Cleaned.csv & landsale.csv
IL 8930,IL8930,landsale.csv
IL 8941,IL8941,ALS_Concat_Cleaned.csv
IL 8947,IL8947,ALS_Concat_Cleaned.csv
IL 8949,IL8949,ALS_Concat_Cleaned.csv & landsale.csv
IL 8955,IL8955,landsale.csv
IL 8963,IL8963,ALS_Concat_Cleaned.csv & landsale.csv
IL 8970,IL8970,ALS_Concat_Cleaned.csv & landsale.csv
IL 8984,IL8984,landsale.csv
IL 8985,IL8985,landsale.csv
IL 8986,IL8986,landsale.csv
IL 8988,IL8988,landsale.csv
IL 8989,IL8989,landsale.csv
IL 8994,IL8994,landsale.csv
IL 8998,IL8998,ALS_Concat_Cleaned.csv
IL 9007,IL9007,ALS_Concat_Cleaned.csv & landsale.csv
IL 9008,IL9008,landsale.csv
IL 9020,IL9020,ALS_Concat_Cleaned.csv & landsale.csv
IL 9025,IL9025,landsale.csv
IL 9027,IL9027,ALS_Concat_Cleaned.csv & landsale.csv
IL 9029,IL9029,landsale.csv
IL 9036,IL9036,ALS_Concat_Cleaned.csv
IL 9043,IL9043,landsale.csv
IL 9044,IL9044,landsale.csv
IL 9048,IL9048,ALS_Concat_Cleaned.csv
IL 9049,IL9049,ALS_Concat_Cleaned.csv
IL8921,IL8921,landsale.csv
in DD 213 LOT 323,LOT323DD213,landsale.csv
INLAND LOT NO. 8872,IL8872,landsale.csv
INLAND LOT NO. 8945,IL8945,landsale.csv
INLAND LOT NO. 9036,IL9036,landsale.csv
INLAND LOT NO. 9048,IL9048,landsale.csv
INLAND LOT NO. 9049,IL9049,landsale.csv
INLAND LOT NO. 9051,IL9051,landsale.csv
INLAND LOT NO. 9056 ON,IL9056,landsale.csv
INLAND LOT NO. 9060,IL9060,landsale.csv
INLAND LOT NO. 9061,IL9061,landsale.csv
INLAND LOT NO. 9069,IL9069,landsale.csv
INLAND LOT NO. 9088,IL9088,landsale.csv
INLAND LOT NO. 9094,IL9094,landsale.csv
INLAND LOT NO. NO. 9076,IL9076,landsale.csv
JBTL 10,JBTL10,landsale.csv
JBTL 11,JBTL11,landsale.csv
JBTL 6,JBTL6,landsale.csv
KCL 7,KCL7,landsale.csv
KCTL 384,KCTL384,landsale.csv
KCTL 395,KCTL395,landsale.csv
KCTL 398,KCTL398,landsale.csv
KCTL 405,KCTL405,landsale.csv
KCTL 426,KCTL426,landsale.csv
KCTL 433,KCTL433,landsale.csv
KCTL 435,KCTL435,landsale.csv
KCTL 436,KCTL436,landsale.csv
KCTL 437,KCTL437,landsale.csv
KCTL 442,KCTL442,landsale.csv
KCTL 452,KCTL452,landsale.csv
KCTL 455,KCTL455,landsale.csv
KCTL 470,KCTL470,landsale.csv
KCTL 478,KCTL478,ALS_Concat_Cleaned.csv
KCTL 479,KCTL479,landsale.csv
KCTL 480,KCTL480,landsale.csv
KCTL 481,KCTL481,landsale.csv
KCTL 484,KCTL484,landsale.csv
KCTL 486,KCTL486,ALS_Concat_Cleaned.csv
KCTL 487,KCTL487,ALS_Concat_Cleaned.csv
KCTL 504,KCTL504,landsale.csv
KCTL 507,KCTL507,landsale.csv
KCTL 508,KCTL508,landsale.csv
KCTL 510,KCTL510,landsale.csv
KIL 10722,KIL10722,landsale.csv
KIL 10749,KIL10749,landsale.csv
KIL 10751,KIL10751,landsale.csv
KIL 10795,KIL10795,landsale.csv
KIL 10796,KIL10796,landsale.csv
KIL 10874,KIL10874,landsale.csv
KIL 10971,KIL10971,landsale.csv
KIL 10972,KIL10972,landsale.csv
KIL 10985,KIL10985,landsale.csv
KIL 10986,KIL10986,landsale.csv
KIL 10999,KIL10999,landsale.csv
KIL 11001,KIL11001,landsale.csv
KIL 11002,KIL11002,landsale.csv
KIL 11005,KIL11005,landsale.csv
KIL 11035,KIL11035,landsale.csv
KIL 11044,KIL11044,landsale.csv
KIL 11055,KIL11055,landsale.csv
KIL 11063,KIL11063,landsale.csv
KIL 11064,KIL11064,landsale.csv
KIL 11073,KIL11073,ALS_Concat_Cleaned.csv & landsale.csv
KIL 11075,KIL11075,landsale.csv
KIL 11076,KIL11076,landsale.csv
KIL 11082,KIL11082,landsale.csv
KIL 11084,KIL11084,landsale.csv
KIL 11086,KIL11086,landsale.csv
KIL 11091,KIL11091,landsale.csv
KIL 11103,KIL11103,ALS_Concat_Cleaned.csv & landsale.csv
KIL 11107,KIL11107,landsale.csv
KIL 11108,KIL11108,landsale.csv
KIL 11110,KIL11110,ALS_Concat_Cleaned.csv & landsale.csv
KIL 11111,KIL11111,ALS_Concat_Cleaned.csv & landsale.csv
KIL 11118,KIL11118,landsale.csv
KIL 11120,KIL11120,ALS_Concat_Cleaned.csv & landsale.csv
KIL 11122,KIL11122,landsale.csv
KIL 11124,KIL11124,ALS_Concat_Cleaned.csv & landsale.csv
KIL 11125,KIL11125,landsale.csv
KIL 11140,KIL11140,ALS_Concat_Cleaned.csv
KIL 11145,KIL11145,landsale.csv
KIL 11146,KIL11146,ALS_Concat_Cleaned.csv & landsale.csv
KIL 11152,KIL11152,landsale.csv
KIL 11158,KIL11158,ALS_Concat_Cleaned.csv & landsale.csv
KIL 11161,KIL11161,landsale.csv
KIL 11167,KIL11167,ALS_Concat_Cleaned.csv & landsale.csv
KIL 11168,KIL11168,ALS_Concat_Cleaned.csv & landsale.csv
KIL 11175,KIL11175,ALS_Concat_Cleaned.csv & landsale.csv
KIL 11177,KIL11177,landsale.csv
KIL 11180,KIL11180,landsale.csv
KIL 11184,KIL11184,ALS_Concat_Cleaned.csv & landsale.csv
KIL 11185,KIL11185,landsale.csv
KIL 11186,KIL11186,landsale.csv
KIL 11187,KIL11187,landsale.csv
KIL 11194,KIL11194,landsale.csv
KIL 11202,KIL11202,ALS_Concat_Cleaned.csv
KIL 11205,KIL11205,ALS_Concat_Cleaned.csv & landsale.csv
KIL 11227,KIL11227,ALS_Concat_Cleaned.csv & landsale.csv
KIL 11228,KIL11228,ALS_Concat_Cleaned.csv
KIL 11229,KIL11229,ALS_Concat_Cleaned.csv & landsale.csv
KIL 11235,KIL11235,ALS_Concat_Cleaned.csv
KIL11125,KIL11125,ALS_Concat_Cleaned.csv
KOWLOON 15 INLAND LOT NO. 11237,KIL11237,landsale.csv
KOWLOON 650 INLAND LOT NO. 6410,KIL6410,landsale.csv
KOWLOON 779 INLAND LOT NO. 6543,KIL6543,landsale.csv
KOWLOON INLAND LOT NO. 11228,KIL11228,landsale.csv
KOWLOON INLAND LOT NO. 11238,KIL11238,landsale.csv
KOWLOON INLAND LOT NO. 11240,KIL11240,landsale.csv
KOWLOON INLAND LOT NO. 11257,KIL11257,landsale.csv
KOWLOON INLAND LOT NO. 11261,KIL11261,landsale.csv
KOWLOON INLAND LOT NO. 11262,KIL11262,landsale.csv
KOWLOON INLAND LOT NO. 11273,KIL11273,landsale.csv
KOWLOON INLAND LOT NO. 6532,KIL6532,landsale.csv
"KOWLOON INLAND LOT NO. 6607 TAK,",KIL6607,landsale.csv
KOWLOON INLAND LOT NO. YIP 6512 YIP YIP HOI,KIL6512,landsale.csv
KOWLOON KAI INLAND LOT NO. 6541,KIL6541,landsale.csv
KOWLOON KAI INLAND LOT NO. SITE 6546,KIL6546,landsale.csv
KOWLOON KAI INLAND LOT NO. SITE 6552,KIL6552,landsale.csv
KOWLOON KAI INLAND LOT NO. SITE 6553,KIL6553,landsale.csv
KOWLOON KAI INLAND LOT NO. SITE 6554,KIL6554,landsale.csv
KOWLOON KAI INLAND LOT NO. SITE 6577,KIL6577,landsale.csv
KOWLOON NO. INLAND LOT NO. 6614,KIL6614,landsale.csv
KOWLOON NO. INLAND LOT NO. 6616,KIL6616,landsale.csv
KOWLOON NO. INLAND LOT NO. 6622,KIL6622,landsale.csv
KOWLOON NO. INLAND LOT NO. 6623,KIL6623,landsale.csv
KTIL 713,KTIL713,landsale.csv
KTIL 715,KTIL715,landsale.csv
KWAI CHUNG KIN TOWN LOT NO. 495,KCTL495,landsale.csv
KWAI CHUNG TOWN LOT NO. 478,KCTL478,landsale.csv
KWAI CHUNG TOWN LOT NO. 515,KCTL515,landsale.csv
KWAI CHUNG TOWN LOT NO. 517,KCTL517,landsale.csv
KWAI CHUNG TOWN LOT NO. 518,KCTL518,landsale.csv
KWAI CHUNG TOWN LOT NO. 521,KCTL521,landsale.csv
KWAI CHUNG TOWN LOT NO. 522,KCTL522,landsale.csv
KWAI CHUNG TOWN LOT NO. 524,KCTL524,landsale.csv
KWAI CHUNG TOWN LOT NO. 527,KCTL527,landsale.csv
KWAI CHUNG TOWN LOT NO. 528,KCTL528,landsale.csv
KWAI CHUNG TOWN LOT NO. 531,KCTL531,landsale.csv
KWAI CHUNG TOWN LOT NO. YIU 487 KEI,KCTL487,landsale.csv
KWUN TONG INLAND LOT NO. 761,KTIL761,landsale.csv
LONG TOWN 90 LOT NO. 536,YLTL536,landsale.csv
LOT 1000 in 40,LOT1000DD40,landsale.csv
Lot 1002 in DD 215,LOT1002DD215,landsale.csv
Lot 1002 in DD 40,LOT1002DD40,ALS_Concat_Cleaned.csv
Lot 1003 in DD 40,LOT1003DD40,ALS_Concat_Cleaned.csv
Lot 1004 in DD 40,LOT1004DD40,ALS_Concat_Cleaned.csv
LOT 1007 in 215,LOT1007DD215,landsale.csv
LOT 1008 in 215,LOT1008DD215,landsale.csv
LOT 1104 in 215,LOT1104DD215,landsale.csv
LOT 1107 in DD 215,LOT1107DD215,landsale.csv
LOT 1140 in DD 215,LOT1140DD215,landsale.csv
Lot 1142 D.D. 215,LOT1142DD215,ALS_Concat_Cleaned.csv
Lot 1142 in DD 215,LOT1142DD215,ALS_Concat_Cleaned.csv
Lot 1144 in DD 215,LOT1144DD215,landsale.csv
Lot 1176 DD 215,LOT1176DD215,ALS_Concat_Cleaned.csv
Lot 1176 in D.D. 215,LOT1176DD215,ALS_Concat_Cleaned.csv
Lot 1176 in DD 215,LOT1176DD215,ALS_Concat_Cleaned.csv
LOT 1184 IN DD 217,LOT1184DD217,landsale.csv
LOT 1196 in DD 253,LOT1196DD253,landsale.csv
LOT 1197 in 253,LOT1197DD253,landsale.csv
LOT 1198 in 253,LOT1198DD253,landsale.csv
Lot 1200 in DD 217,LOT1200DD217,ALS_Concat_Cleaned.csv
LOT 1209 in DD 253,LOT1209DD253,landsale.csv
Lot 1282 in DD 253,LOT1282DD253,ALS_Concat_Cleaned.csv
LOT 1282 IN DD 253,LOT1282DD253,landsale.csv
LOT 13 in DD 231,LOT13DD231,landsale.csv
Lot 14 in DD 231,LOT14DD231,ALS_Concat_Cleaned.csv
LOT 14 in DD 231,LOT14DD231,landsale.csv
Lot 1588 DD 243,LOT1588DD243,ALS_Concat_Cleaned.csv
Lot 1588 in DD 243,LOT1588DD243,ALS_Concat_Cleaned.csv
Lot 1613 in DD 222,LOT1613DD222,ALS_Concat_Cleaned.csv
LOT 1620 in DD 77,LOT1620DD77,landsale.csv
LOT 1736 in DD 122,LOT1736DD122,landsale.csv
LOT 1760 in CHEUNG CHAU,LOT1760DDCHEUNGCHAU,landsale.csv
LOT 1761 in CHEUNG CHAU,LOT1761DDCHEUNGCHAU,landsale.csv
LOT 1762 in CHEUNG CHAU,LOT1762DDCHEUNGCHAU,landsale.csv
LOT 1772 in CHEUNG CHAU,LOT1772DDCHEUNGCHAU,landsale.csv
LOT 1773 in CHEUNG CHAU,LOT1773DDCHEUNGCHAU,landsale.csv
LOT 1774 in CHEUNG CHAU,LOT1774DDCHEUNGCHAU,landsale.csv
LOT 1775 in CHEUNG CHAU,LOT1775DDCHEUNGCHAU,landsale.csv
LOT 1777 in CHEUNG CHAU,LOT1777DDCHEUNGCHAU,landsale.csv
LOT 1778 in CHEUNG CHAU,LOT1778DDCHEUNGCHAU,landsale.csv
LOT 1781 in CHEUNG CHAU,LOT1781DDCHEUNGCHAU,landsale.csv
LOT 1782 in CHEUNG CHAU,LOT1782DDCHEUNGCHAU,landsale.csv
LOT 1783 in CHEUNG CHAU,LOT1783DDCHEUNGCHAU,landsale.csv
LOT 1791 in CHEUNG CHAU,LOT1791DDCHEUNGCHAU,landsale.csv
LOT 1795 in CHEUNG CHAU,LOT1795DDCHEUNGCHAU,landsale.csv
Lot 1847 in DD Cheung Chau,LOT1847DDCHEUNGCHAU,ALS_Concat_Cleaned.csv
LOT 1847 IN DD CHEUNG CHAU,LOT1847DDCHEUNGCHAU,landsale.csv
Lot 1848 DD Cheung Chau,LOT1848DDCHEUNGCHAU,ALS_Concat_Cleaned.csv
Lot 1848 in DD Cheung Chau,LOT1848DDCHEUNGCHAU,ALS_Concat_Cleaned.csv
Lot 1949 in DD 221,LOT1949DD221,ALS_Concat_Cleaned.csv
Lot 1950 DD 221,LOT1950DD221,ALS_Concat_Cleaned.csv
Lot 1950 in DD 221,LOT1950DD221,ALS_Concat_Cleaned.csv
LOT 1980 in SD 2,LOT1980SD2,landsale.csv
Lot 2011 in DD 121,LOT2011DD121,landsale.csv
Lot 2013 in DD121,LOT2013DD121,landsale.csv
Lot 2035 D.D. 121,LOT2035DD121,ALS_Concat_Cleaned.csv
LOT 2051 IN DD 121,LOT2051DD121,landsale.csv
LOT 2052 IN DD 121,LOT2052DD121,landsale.csv
LOT 2058 in DD 121,LOT2058DD121,landsale.csv
Lot 2086 in DD 105,LOT2086DD105,ALS_Concat_Cleaned.csv
Lot 2129 DD 121,LOT2129DD121,ALS_Concat_Cleaned.csv
Lot 2129 in DD 121,LOT2129DD121,ALS_Concat_Cleaned.csv
LOT 2137 IN DD 121,LOT2137DD121,landsale.csv
LOT 214 in DD 387,LOT214DD387,landsale.csv
LOT 227 in DD 331 LANTAU,LOT227DD331,landsale.csv
LOT 236 in 229,LOT236DD229,landsale.csv
LOT 237 in DD 331,LOT237DD331,landsale.csv
LOT 242 in DD 331 LANTAU,LOT242DD331,landsale.csv
LOT 244 in DD 331,LOT244DD331,landsale.csv
Lot 245 D.D. 331,LOT245DD331,ALS_Concat_Cleaned.csv
Lot 245 DD 331,LOT245DD331,ALS_Concat_Cleaned.csv
LOT 245 IN DD 331,LOT245DD331,landsale.csv
Lot 246 DD 331,LOT246DD331,ALS_Concat_Cleaned.csv
Lot 246 in DD 331,LOT246DD331,landsale.csv
LOT 345 in DD 252,LOT345DD252,landsale.csv
LOT 348 IN DD 252,LOT348DD252,landsale.csv
LOT 4284 in DD 124,LOT4284DD124,landsale.csv
Lot 4309 in DD 124,LOT4309DD124,ALS_Concat_Cleaned.csv
LOT 5317 in 51,LOT5317DD51,landsale.csv
LOT 5346 in 51,LOT5346DD51,landsale.csv
LOT 5347 in 51,LOT5347DD51,landsale.csv
LOT 647 in PENG CHAU,LOT647DDPENGCHAU,landsale.csv
LOT 649 in PENG CHAU,LOT649DDPENGCHAU,landsale.csv
LOT 661 in PENG CHAU,LOT661DDPENGCHAU,landsale.csv
Lot 673 DD Peng Chau,LOT673DDPENGCHAU,ALS_Concat_Cleaned.csv
Lot 673 in DD Peng Chau,LOT673DDPENGCHAU,ALS_Concat_Cleaned.csv
Lot 674 DD Peng Chau,LOT674DDPENGCHAU,ALS_Concat_Cleaned.csv
Lot 674 in DD Peng Chau,LOT674DDPENGCHAU,ALS_Concat_Cleaned.csv
Lot 676 DD Peng Chau,LOT676DDPENGCHAU,ALS_Concat_Cleaned.csv
Lot 676 in DD Peng Chau,LOT676DDPENGCHAU,ALS_Concat_Cleaned.csv
Lot 678 in DD Peng Chau,LOT678DDPENGCHAU,ALS_Concat_Cleaned.csv
LOT 716 in DD 4,LOT716DD4,landsale.csv
LOT 717 in DD 4,LOT717DD4,landsale.csv
LOT 723 in 4,LOT723DD4,landsale.csv
Lot 724 in DD 332,LOT724DD332,ALS_Concat_Cleaned.csv
Lot 726 in DD 332,LOT726DD332,ALS_Concat_Cleaned.csv
Lot 726 in DD 4,LOT726DD4,ALS_Concat_Cleaned.csv
"LOT 729 in DD MUI WO, LANTAU",LOT729DDMUIWO,landsale.csv
Lot 734 D.D. 4,LOT734DD4,ALS_Concat_Cleaned.csv
Lot 734 DD 4,LOT734DD4,ALS_Concat_Cleaned.csv
Lot 734 in DD 4,LOT734DD4,ALS_Concat_Cleaned.csv
Lot 735 in DD 332,LOT735DD332,ALS_Concat_Cleaned.csv
Lot 736 in D.D. 332,LOT736DD332,landsale.csv
Lot 736 in DD 332,LOT736DD332,ALS_Concat_Cleaned.csv
Lot 750 in DD 332,LOT750DD332,ALS_Concat_Cleaned.csv
Lot 750 in DD 85,LOT750DD85,ALS_Concat_Cleaned.csv
LOT 783 in DD 216,LOT783DD216,landsale.csv
LOT 788 in DD 216,LOT788DD216,landsale.csv
LOT 789 in DD 216,LOT789DD216,landsale.csv
LOT 811 in DD 110,LOT811DD110,landsale.csv
LOT 812 in DD 110,LOT812DD110,landsale.csv
LOT 868 in DD 1 LAMMA,LOT868DD1,landsale.csv
LOT 943 in D.D. 94,LOT943DD94,landsale.csv
Lot 943 in DD 94,LOT943DD94,ALS_Concat_Cleaned.csv
LOT 991 in DD 215,LOT991DD215,landsale.csv
LOT NO. 1003 IN DEMARCATION DISTRICT NO. 214 SAI,LOT1003DD214,landsale.csv
LOT NO. 1003 IN DEMARCATION DISTRICT NO. 40,LOT1003DD40,landsale.csv
LOT NO. 1066 IN DEMARCATION DISTRICT NO. 103,LOT1066DD103,landsale.csv
LOT NO. 1068 IN SURVEY DISTRICT NO. 3,LOT1068SD3,landsale.csv
LOT NO. 1069 IN SURVEY DISTRICT NO. 3,LOT1069SD3,landsale.csv
LOT NO. 1077 IN SURVEY DISTRICT NO. 3,LOT1077SD3,landsale.csv
LOT NO. 1078 IN SURVEY DISTRICT NO. 3,LOT1078SD3,landsale.csv
LOT NO. 1176 in DD NO. 215,LOT1176DD215,landsale.csv
LOT NO. 1180 IN DEMARCATION DISTRICT NO. 215,LOT1180DD215,landsale.csv
LOT NO. 1181 IN DEMARCATION DISTRICT NO. 215,LOT1181DD215,landsale.csv
LOT NO. 1200 IN DD NO. 217,LOT1200DD217,landsale.csv
LOT NO. 1588 in DD NO. 243,LOT1588DD243,landsale.csv
LOT NO. 1613 in DD NO. 222,LOT1613DD222,landsale.csv
LOT NO. 1677 IN DEMARCATION DISTRICT NO. 115,LOT1677DD115,landsale.csv
LOT NO. 1681 IN DEMARCATION DISTRICT NO. 243,LOT1681DD243,landsale.csv
Lot No. 1848 in D.D. Cheung Chau,LOT1848DDCHEUNGCHAU,landsale.csv
LOT NO. 1872 IN DEMARCATION DISTRICT CHEUNG CHAU,LOT1872DDCHEUNGCHAU,landsale.csv
LOT NO. 1909 IN DEMARCATION DISTRICT NO. 100,LOT1909DD100,landsale.csv
LOT NO. 1949 in DD 221,LOT1949DD221,landsale.csv
LOT NO. 1950 in DD NO. 221,LOT1950DD221,landsale.csv
LOT NO. 1985 IN SURVEY DISTRICT NO. 2,LOT1985SD2,landsale.csv
LOT NO. 2086 in DD NO. 105,LOT2086DD105,landsale.csv
LOT NO. 2115 IN DEMARCATION DISTRICT NO. 105,LOT2115DD105,landsale.csv
LOT NO. 2129 in DD NO. 121,LOT2129DD121,landsale.csv
LOT NO. 2172 IN DEMARCATION DISTRICT NO. 121,LOT2172DD121,landsale.csv
LOT NO. 2640 IN DEMARCATION DISTRICT NO. 92,LOT2640DD92,landsale.csv
LOT NO. 2883 IN DEMARCATION DISTRICT NO. 130,LOT2883DD130,landsale.csv
LOT NO. 4076 IN DEMARCATION DISTRICT NO. 91,LOT4076DD91,landsale.csv
LOT NO. 4309 in DD NO. 124,LOT4309DD124,landsale.csv
LOT NO. 5382 IN DEMARCATION DISTRICT NO. 116,LOT5382DD116,landsale.csv
LOT NO. 673 in DD PENG CHAU,LOT673DDPENGCHAU,landsale.csv
LOT NO. 674 in DD PENG CHAU,LOT674DDPENGCHAU,landsale.csv
LOT NO. 676 in DD NO. PENG CHAU,LOT676DDPENGCHAU,landsale.csv
LOT NO. 678 in DD PENG CHAU,LOT678DDPENGCHAU,landsale.csv
LOT NO. 682 IN DEMARCATION DISTRICT PENG CHAU,LOT682DDPENGCHAU,landsale.csv
LOT NO. 686 IN MA WAN,LOT686DDMAWAN,landsale.csv
LOT NO. 722 IN DEMARCATION DISTRICT NO. 332,LOT722DD332,landsale.csv
LOT NO. 724 in DD NO. 332,LOT724DD332,landsale.csv
LOT NO. 726 in DD NO. 332,LOT726DD332,landsale.csv
LOT NO. 726 in DD NO. 4 MUI WO,LOT726DD4,landsale.csv
LOT NO. 738 IN DEMARCATION DISTRICT NO. 332,LOT738DD332,landsale.csv
LOT NO. 750 IN DEMARCATION DISTRICT NO. 332,LOT750DD332,landsale.csv
LOT NO. 758 IN DEMARCATION DISTRICT NO. 332,LOT758DD332,landsale.csv
LOT NO. 763 IN DEMARCATION DISTRICT NO. 332 LANTAU,LOT763DD332,landsale.csv
LOT NO. 765 IN DEMARCATION DISTRICT NO. 332,LOT765DD332,landsale.csv
LOT NO. 766 IN DEMARCATION DISTRICT NO. 332,LOT766DD332,landsale.csv
LOT NO. 817 IN DD NO. 110,LOT817DD110,landsale.csv
LOT NO. 953 IN DEMARCATION DISTRICT NO. 89,LOT953DD89,landsale.csv
LOT NO. 981 IN DEMARCATION DISTRICT NO. 226,LOT981DD226,landsale.csv
MUN TOWN LOT NO. 518 NEW,TMTL518,landsale.csv
MUN TOWN LOT NO. 549 SAU,TMTL549,landsale.csv
NEW KOWLOON 332 INLAND LOT NO. 6594,NKIL6594,landsale.csv
NEW KOWLOON INLAND LOT NO. 6312,NKIL6312,landsale.csv
NEW KOWLOON INLAND LOT NO. 6313,NKIL6313,landsale.csv
NEW KOWLOON INLAND LOT NO. 6505,NKIL6505,landsale.csv
NEW KOWLOON INLAND LOT NO. 6516,NKIL6516,landsale.csv
NEW KOWLOON INLAND LOT NO. 6517,NKIL6517,landsale.csv
NEW KOWLOON INLAND LOT NO. 6521,NKIL6521,landsale.csv
NEW KOWLOON INLAND LOT NO. 6525,NKIL6525,landsale.csv
NEW KOWLOON INLAND LOT NO. 6526,NKIL6526,landsale.csv
NEW KOWLOON INLAND LOT NO. 6527,NKIL6527,landsale.csv
NEW KOWLOON INLAND LOT NO. 6533,NKIL6533,landsale.csv
NEW KOWLOON INLAND LOT NO. 6534,NKIL6534,landsale.csv
NEW KOWLOON INLAND LOT NO. 6542,NKIL6542,landsale.csv
NEW KOWLOON INLAND LOT NO. 6547,NKIL6547,landsale.csv
NEW KOWLOON INLAND LOT NO. 6549,NKIL6549,landsale.csv
NEW KOWLOON INLAND LOT NO. 6550,NKIL6550,landsale.csv
NEW KOWLOON INLAND LOT NO. 6551,NKIL6551,landsale.csv
NEW KOWLOON INLAND LOT NO. 6556,NKIL6556,landsale.csv
NEW KOWLOON INLAND LOT NO. 6557,NKIL6557,landsale.csv
NEW KOWLOON INLAND LOT NO. 6562,NKIL6562,landsale.csv
NEW KOWLOON INLAND LOT NO. 6563,NKIL6563,landsale.csv
NEW KOWLOON INLAND LOT NO. 6564,NKIL6564,landsale.csv
NEW KOWLOON INLAND LOT NO. 6565,NKIL6565,landsale.csv
NEW KOWLOON INLAND LOT NO. 6566,NKIL6566,landsale.csv
NEW KOWLOON INLAND LOT NO. 6567,NKIL6567,landsale.csv
NEW KOWLOON INLAND LOT NO. 6568,NKIL6568,landsale.csv
NEW KOWLOON INLAND LOT NO. 6570,NKIL6570,landsale.csv
NEW KOWLOON INLAND LOT NO. 6572,NKIL6572,landsale.csv
NEW KOWLOON INLAND LOT NO. 6574,NKIL6574,landsale.csv
NEW KOWLOON INLAND LOT NO. 6575,NKIL6575,landsale.csv
NEW KOWLOON INLAND LOT NO. 6576,NKIL6576,landsale.csv
NEW KOWLOON INLAND LOT NO. 6579,NKIL6579,landsale.csv
NEW KOWLOON INLAND LOT NO. 6582,NKIL6582,landsale.csv
NEW KOWLOON INLAND LOT NO. 6584,NKIL6584,landsale.csv
NEW KOWLOON INLAND LOT NO. 6590,NKIL6590,landsale.csv
NEW KOWLOON INLAND LOT NO. 6591,NKIL6591,landsale.csv
NEW KOWLOON INLAND LOT NO. 6593,NKIL6593,landsale.csv
NEW KOWLOON INLAND LOT NO. 6603,NKIL6603,landsale.csv
NEW KOWLOON INLAND LOT NO. 6604,NKIL6604,landsale.csv
NEW KOWLOON INLAND LOT NO. 6615,NKIL6615,landsale.csv
NEW KOWLOON INLAND LOT NO. 6638,NKIL6638,landsale.csv
NEW KOWLOON INLAND LOT NO. 6639,NKIL6639,landsale.csv
NEW KOWLOON INLAND LOT NO. 6649,NKIL6649,landsale.csv
NEW KOWLOON INLAND LOT NO. 6674,NKIL6674,landsale.csv
NEW KOWLOON INLAND LOT NO. 6675,NKIL6675,landsale.csv
NEW KOWLOON NO. INLAND LOT NO. 6628,NKIL6628,landsale.csv
NKIL 4932,NKIL4932,landsale.csv
NKIL 5853,NKIL5853,landsale.csv
NKIL 5877,NKIL5877,landsale.csv
NKIL 5924,NKIL5924,landsale.csv
NKIL 5927,NKIL5927,landsale.csv
NKIL 5955,NKIL5955,landsale.csv
NKIL 5971,NKIL5971,landsale.csv
NKIL 5972,NKIL5972,landsale.csv
NKIL 5974,NKIL5974,landsale.csv
NKIL 5983,NKIL5983,landsale.csv
NKIL 6012,NKIL6012,landsale.csv
NKIL 6019,NKIL6019,landsale.csv
NKIL 6023,NKIL6023,landsale.csv
NKIL 6032,NKIL6032,landsale.csv
NKIL 6036,NKIL6036,landsale.csv
NKIL 6037,NKIL6037,landsale.csv
NKIL 6040,NKIL6040,landsale.csv
NKIL 6043,NKIL6043,landsale.csv
NKIL 6052,NKIL6052,landsale.csv
NKIL 6056,NKIL6056,landsale.csv
NKIL 6081,NKIL6081,landsale.csv
NKIL 6115,NKIL6115,landsale.csv
NKIL 6144,NKIL6144,landsale.csv
NKIL 6145,NKIL6145,landsale.csv
NKIL 6147,NKIL6147,landsale.csv
NKIL 6152,NKIL6152,landsale.csv
NKIL 6157,NKIL6157,landsale.csv
NKIL 6160,NKIL6160,landsale.csv
NKIL 6161,NKIL6161,landsale.csv
NKIL 6165,NKIL6165,landsale.csv
NKIL 6175,NKIL6175,landsale.csv
NKIL 6181,NKIL6181,landsale.csv
NKIL 6195,NKIL6195,ALS_Concat_Cleaned.csv
NKIL 6196,NKIL6196,ALS_Concat_Cleaned.csv & landsale.csv
NKIL 6204,NKIL6204,landsale.csv
NKIL 6208,NKIL6208,landsale.csv
NKIL 6215,NKIL6215,landsale.csv
NKIL 6217,NKIL6217,landsale.csv
NKIL 6233,NKIL6233,landsale.csv
NKIL 6235,NKIL6235,landsale.csv
NKIL 6267,NKIL6267,landsale.csv
NKIL 6268,NKIL6268,landsale.csv
NKIL 6269,NKIL6269,ALS_Concat_Cleaned.csv & landsale.csv
NKIL 6270,NKIL6270,landsale.csv
NKIL 6275,NKIL6275,landsale.csv
NKIL 6276,NKIL6276,landsale.csv
NKIL 6277,NKIL6277,ALS_Concat_Cleaned.csv & landsale.csv
NKIL 6280,NKIL6280,ALS_Concat_Cleaned.csv & landsale.csv
NKIL 6306,NKIL6306,ALS_Concat_Cleaned.csv & landsale.csv
NKIL 6308,NKIL6308,ALS_Concat_Cleaned.csv & landsale.csv
NKIL 6309,NKIL6309,ALS_Concat_Cleaned.csv & landsale.csv
NKIL 6310,NKIL6310,landsale.csv
NKIL 6311,NKIL6311,ALS_Concat_Cleaned.csv & landsale.csv
NKIL 6312,NKIL6312,ALS_Concat_Cleaned.csv
NKIL 6313,NKIL6313,ALS_Concat_Cleaned.csv
NKIL 6314,NKIL6314,ALS_Concat_Cleaned.csv & landsale.csv
NKIL 6330,NKIL6330,ALS_Concat_Cleaned.csv & landsale.csv
NKIL 6338,NKIL6338,landsale.csv
NKIL 6350,NKIL6350,ALS_Concat_Cleaned.csv & landsale.csv
NKIL 6374,NKIL6374,landsale.csv
NKIL 6378,NKIL6378,landsale.csv
NKIL 6379,NKIL6379,landsale.csv
NKIL 6409,NKIL6409,landsale.csv
NKIL 6417,NKIL6417,landsale.csv
NKIL 6418,NKIL6418,landsale.csv
NKIL 6423,NKIL6423,ALS_Concat_Cleaned.csv & landsale.csv
NKIL 6488,NKIL6488,landsale.csv
NKIL 6493,NKIL6493,ALS_Concat_Cleaned.csv & landsale.csv
NKIL 6498,NKIL6498,ALS_Concat_Cleaned.csv & landsale.csv
NKIL 6507,NKIL6507,landsale.csv
NKIL 6516,NKIL6516,ALS_Concat_Cleaned.csv
NKIL 6517,NKIL6517,ALS_Concat_Cleaned.csv
NKIL6374,NKIL6374,ALS_Concat_Cleaned.csv
Pending,TWTL404,ALS_Concat_Cleaned.csv
PO TOWN LOT 1P NO. 250,TPTL250,landsale.csv
PO TOWN LOT MA NO. 243,TPTL243,landsale.csv
PO TOWN LOT NO. 223,TPTL223,landsale.csv
PO TOWN LOT NO. 227,TPTL227,landsale.csv
PO TOWN LOT NO. 228,TPTL228,landsale.csv
PO TOWN LOT NO. 229,TPTL229,landsale.csv
PO TOWN LOT NO. 230,TPTL230,landsale.csv
PO TOWN LOT NO. 231,TPTL231,landsale.csv
PO TOWN LOT TAI NO. 241,TPTL241,landsale.csv
RBL 1066,RBL1066,landsale.csv
RBL 1067,RBL1067,landsale.csv
RBL 1078,RBL1078,landsale.csv
RBL 1088,RBL1088,landsale.csv
RBL 1119,RBL1119,landsale.csv
RBL 1132,RBL1132,landsale.csv
RBL 1133,RBL1133,landsale.csv
RBL 1135,RBL1135,landsale.csv
RBL 1136,RBL1136,landsale.csv
RBL 1138,RBL1138,landsale.csv
RBL 1139,RBL1139,landsale.csv
RBL 1142,RBL1142,landsale.csv
RBL 1143,RBL1143,ALS_Concat_Cleaned.csv & landsale.csv
RBL 1145,RBL1145,landsale.csv
RBL 1146,RBL1146,landsale.csv
RBL 1147,RBL1147,landsale.csv
RBL 1148,RBL1148,landsale.csv
RBL 1154,RBL1154,landsale.csv
RBL 1155,RBL1155,landsale.csv
RBL 1158,RBL1158,landsale.csv
RBL 1159,RBL1159,ALS_Concat_Cleaned.csv & landsale.csv
RBL 1164,RBL1164,landsale.csv
RBL 1165,RBL1165,ALS_Concat_Cleaned.csv & landsale.csv
RBL 1168,RBL1168,ALS_Concat_Cleaned.csv & landsale.csv
RBL 1184,RBL1184,landsale.csv
RBL 1185,RBL1185,landsale.csv
RBL 1190,RBL1190,ALS_Concat_Cleaned.csv & landsale.csv
RBL 1196,RBL1196,landsale.csv
RBL 1197,RBL1197,ALS_Concat_Cleaned.csv
RBL 3,RBL3,landsale.csv
RURAL BUILDING LOT NO. 1198,RBL1198,landsale.csv
RURAL BUILDING LOT NO. 1201,RBL1201,landsale.csv
RURAL BUILDING LOT NO. 1203,RBL1203,landsale.csv
RURAL BUILDING LOT NO. 1204,RBL1204,landsale.csv
RURAL BUILDING LOT NO. 1211,RBL1211,landsale.csv
RURAL BUILDING LOT NO. 1219,RBL1219,landsale.csv
RURAL BUILDING LOT NO. 1220,RBL1220,landsale.csv
RURAL BUILDING LOT NO. 1221,RBL1221,landsale.csv
RURAL BUILDING LOT NO. 1222,RBL1222,landsale.csv
RURAL BUILDING NO. LOT NO. 1209,RBL1209,landsale.csv
SHA TIN TOWN 20 LOT NO. 629,STTL629,landsale.csv
SHA TIN TOWN CHIK LOT NO. 628 TAI NEW,STTL628,landsale.csv
SHA TIN TOWN LOT NO. 482,STTL482,landsale.csv
SHA TIN TOWN LOT NO. 563,STTL563,landsale.csv
SHA TIN TOWN LOT NO. 578,STTL578,landsale.csv
SHA TIN TOWN LOT NO. 579,STTL579,landsale.csv
SHA TIN TOWN LOT NO. 581,STTL581,landsale.csv
SHA TIN TOWN LOT NO. 603,STTL603,landsale.csv
SHA TIN TOWN LOT NO. 605,STTL605,landsale.csv
SHA TIN TOWN LOT NO. 607,STTL607,landsale.csv
SHA TIN TOWN LOT NO. 609,STTL609,landsale.csv
SHA TIN TOWN LOT NO. 610,STTL610,landsale.csv
SHA TIN TOWN LOT NO. 611,STTL611,landsale.csv
SHA TIN TOWN LOT NO. 612,STTL612,landsale.csv
SHA TIN TOWN LOT NO. 613,STTL613,landsale.csv
SHA TIN TOWN LOT NO. 614,STTL614,landsale.csv
SHA TIN TOWN LOT NO. 617,STTL617,landsale.csv
SHA TIN TOWN LOT NO. 622,STTL622,landsale.csv
SHA TIN TOWN LOT NO. 623,STTL623,landsale.csv
SHA TIN TOWN LOT NO. 625,STTL625,landsale.csv
SHA TIN TOWN LOT NO. 643,STTL643,landsale.csv
SHA TIN TOWN LOT NO. 646,STTL646,landsale.csv
SHA TIN TOWN LOT NO. 651,STTL651,landsale.csv
SHAU KEI WAN INLAND LOT NO. 854 KEI,SKWIL854,landsale.csv
SHAU KEI WAN INLAND LOT NO. 860,SKWIL860,landsale.csv
SIL 798,SIL798,landsale.csv
SIL 799,SIL799,landsale.csv
SIL 800,SIL800,landsale.csv
SIL 811,SIL811,landsale.csv
SIL 823,SIL823,landsale.csv
SIL 825,SIL825,landsale.csv
SIL 826,SIL826,landsale.csv
SIL 827,SIL827,landsale.csv
SIL 830,SIL830,landsale.csv
SIL 839,SIL839,landsale.csv
SIL 843,SIL843,landsale.csv
SIL 845,SIL845,landsale.csv
SOIL 95,SOIL95,landsale.csv
SOIL 96,SOIL96,landsale.csv
StIL 115,STIL115,landsale.csv
StIL 74,STIL74,landsale.csv
StIL 83,STIL83,landsale.csv
StIL 91,STIL91,ALS_Concat_Cleaned.csv & landsale.csv
STTL 108,STTL108,landsale.csv
STTL 193,STTL193,landsale.csv
STTL 194,STTL194,landsale.csv
STTL 209,STTL209,landsale.csv
STTL 212,STTL212,landsale.csv
STTL 217,STTL217,landsale.csv
STTL 218,STTL218,landsale.csv
STTL 225,STTL225,landsale.csv
STTL 247,STTL247,landsale.csv
STTL 250,STTL250,landsale.csv
STTL 251,STTL251,landsale.csv
STTL 252,STTL252,landsale.csv
STTL 256,STTL256,landsale.csv
STTL 261,STTL261,landsale.csv
STTL 268,STTL268,landsale.csv
STTL 273,STTL273,landsale.csv
STTL 275,STTL275,landsale.csv
STTL 279,STTL279,landsale.csv
STTL 280,STTL280,landsale.csv
STTL 281,STTL281,landsale.csv
STTL 282,STTL282,landsale.csv
STTL 289,STTL289,landsale.csv
STTL 293,STTL293,landsale.csv
STTL 294,STTL294,landsale.csv
STTL 300,STTL300,landsale.csv
STTL 301,STTL301,landsale.csv
STTL 302,STTL302,landsale.csv
STTL 303,STTL303,landsale.csv
STTL 306,STTL306,landsale.csv
STTL 307,STTL307,landsale.csv
STTL 308,STTL308,landsale.csv
STTL 313,STTL313,landsale.csv
STTL 318,STTL318,landsale.csv
STTL 326,STTL326,landsale.csv
STTL 327,STTL327,landsale.csv
STTL 328,STTL328,landsale.csv
STTL 334,STTL334,landsale.csv
STTL 340,STTL340,landsale.csv
STTL 347,STTL347,landsale.csv
STTL 350,STTL350,landsale.csv
STTL 352,STTL352,landsale.csv
STTL 357,STTL357,landsale.csv
STTL 363,STTL363,landsale.csv
STTL 364,STTL364,landsale.csv
STTL 372,STTL372,landsale.csv
STTL 373,STTL373,landsale.csv
STTL 374,STTL374,landsale.csv
STTL 375,STTL375,landsale.csv
STTL 377,STTL377,landsale.csv
STTL 378,STTL378,landsale.csv
STTL 380,STTL380,landsale.csv
STTL 381,STTL381,landsale.csv
STTL 382,STTL382,landsale.csv
STTL 388,STTL388,landsale.csv
STTL 389,STTL389,landsale.csv
STTL 392,STTL392,landsale.csv
STTL 393,STTL393,landsale.csv
STTL 394,STTL394,landsale.csv
STTL 395,STTL395,landsale.csv
STTL 397,STTL397,landsale.csv
STTL 403,STTL403,landsale.csv
STTL 409,STTL409,landsale.csv
STTL 410,STTL410,landsale.csv
STTL 412,STTL412,ALS_Concat_Cleaned.csv & landsale.csv
STTL 413,STTL413,landsale.csv
STTL 415,STTL415,landsale.csv
STTL 418,STTL418,landsale.csv
STTL 419,STTL419,landsale.csv
STTL 420,STTL420,landsale.csv
STTL 422,STTL422,landsale.csv
STTL 428,STTL428,landsale.csv
STTL 432,STTL432,landsale.csv
STTL 433,STTL433,ALS_Concat_Cleaned.csv & landsale.csv
STTL 435,STTL435,landsale.csv
STTL 446,STTL446,landsale.csv
STTL 449,STTL449,ALS_Concat_Cleaned.csv
STTL 461,STTL461,landsale.csv
STTL 463,STTL463,ALS_Concat_Cleaned.csv & landsale.csv
STTL 468,STTL468,landsale.csv
STTL 481,STTL481,landsale.csv
STTL 482,STTL482,ALS_Concat_Cleaned.csv
STTL 483,STTL483,landsale.csv
STTL 484,STTL484,landsale.csv
STTL 487,STTL487,ALS_Concat_Cleaned.csv & landsale.csv
STTL 499,STTL499,landsale.csv
STTL 507,STTL507,ALS_Concat_Cleaned.csv
STTL 510,STTL510,ALS_Concat_Cleaned.csv & landsale.csv
STTL 525,STTL525,ALS_Concat_Cleaned.csv & landsale.csv
STTL 526,STTL526,ALS_Concat_Cleaned.csv & landsale.csv
STTL 536,STTL536,ALS_Concat_Cleaned.csv
STTL 548,STTL548,ALS_Concat_Cleaned.csv & landsale.csv
STTL 562,STTL562,ALS_Concat_Cleaned.csv & landsale.csv
STTL 563,STTL563,ALS_Concat_Cleaned.csv
STTL 564,STTL564,ALS_Concat_Cleaned.csv
STTL 565,STTL565,ALS_Concat_Cleaned.csv & landsale.csv
STTL 566,STTL566,ALS_Concat_Cleaned.csv & landsale.csv
STTL 567,STTL567,ALS_Concat_Cleaned.csv & landsale.csv
STTL 574,STTL574,ALS_Concat_Cleaned.csv & landsale.csv
STTL 578,STTL578,ALS_Concat_Cleaned.csv
STTL 579,STTL579,ALS_Concat_Cleaned.csv
STTL 581,STTL581,ALS_Concat_Cleaned.csv
STTL 98,STTL98,landsale.csv
"TAI PO TOWN AT LOT NO. 225 OF PO,",TPTL225,landsale.csv
"TAI PO TOWN FO LOT NO. 213 PO,",TPTL213,landsale.csv
TAI PO TOWN FO LOT NO. 214,TPTL214,landsale.csv
TAI PO TOWN LOT NO. 213,TPTL213,landsale.csv
TAI PO TOWN LOT NO. 221,TPTL221,landsale.csv
TAI PO TOWN LOT NO. 226,TPTL226,landsale.csv
TAI PO TOWN LOT NO. 234,TPTL234,landsale.csv
TAI PO TOWN LOT NO. 244,TPTL244,landsale.csv
TAI PO TOWN LOT NO. 264,TPTL264,landsale.csv
TCTL 11,TCTL11,ALS_Concat_Cleaned.csv & landsale.csv
TCTL 22,TCTL22,ALS_Concat_Cleaned.csv
TCTL 24,TCTL24,landsale.csv
TCTL 25,TCTL25,landsale.csv
TCTL 29,TCTL29,landsale.csv
TCTL 36,TCTL36,landsale.csv
TCTL 37,TCTL37,ALS_Concat_Cleaned.csv & landsale.csv
TCTL 9,TCTL9,landsale.csv
TIN SHUI WAI TOWN LOT NO. 33,TSWTL33,landsale.csv
TIN SHUI WAI TOWN LOT NO. 34,TSWTL34,landsale.csv
TIN TOWN 1 LOT NO. 589 TAI,STTL589,landsale.csv
TIN TOWN LOT NO. 598,STTL598,landsale.csv
TIN TOWN MA LOT NO. 599 MA,STTL599,landsale.csv
TIN TOWN MEI LOT NO. 604,STTL604,landsale.csv
TIN TOWN TAI LOT NO. 587,STTL587,landsale.csv
TIN TOWN YIU LOT NO. 601,STTL601,landsale.csv
TKOTL 112,TKOTL112,ALS_Concat_Cleaned.csv
TKOTL 113,TKOTL113,ALS_Concat_Cleaned.csv & landsale.csv
TKOTL 114,TKOTL114,ALS_Concat_Cleaned.csv & landsale.csv
TKOTL 115,TKOTL115,ALS_Concat_Cleaned.csv & landsale.csv
TKOTL 117,TKOTL117,ALS_Concat_Cleaned.csv & landsale.csv
TKOTL 118,TKOTL118,ALS_Concat_Cleaned.csv & landsale.csv
TKOTL 119,TKOTL119,ALS_Concat_Cleaned.csv & landsale.csv
TKOTL 124,TKOTL124,ALS_Concat_Cleaned.csv
TKOTL 125,TKOTL125,ALS_Concat_Cleaned.csv & landsale.csv
TKOTL 126,TKOTL126,ALS_Concat_Cleaned.csv
TKOTL 17,TKOTL17,landsale.csv
TKOTL 18,TKOTL18,landsale.csv
TKOTL 19,TKOTL19,landsale.csv
TKOTL 23,TKOTL23,landsale.csv
TKOTL 27,TKOTL27,landsale.csv
TKOTL 31,TKOTL31,landsale.csv
TKOTL 34,TKOTL34,landsale.csv
TKOTL 36,TKOTL36,landsale.csv
TKOTL 40,TKOTL40,landsale.csv
TKOTL 44,TKOTL44,landsale.csv
TKOTL 49,TKOTL49,landsale.csv
TKOTL 50,TKOTL50,landsale.csv
TKOTL 61,TKOTL61,ALS_Concat_Cleaned.csv
TKOTL 62,TKOTL62,landsale.csv
TKOTL 67,TKOTL67,landsale.csv
TKOTL 76,TKOTL76,ALS_Concat_Cleaned.csv & landsale.csv
TKOTL 77,TKOTL77,ALS_Concat_Cleaned.csv
TKOTL 81,TKOTL81,landsale.csv
TKOTL 86,TKOTL86,ALS_Concat_Cleaned.csv
TKOTL 87,TKOTL87,ALS_Concat_Cleaned.csv
TKOTL 89,TKOTL89,landsale.csv
TKOTL 93,TKOTL93,ALS_Concat_Cleaned.csv
TKOTL 95,TKOTL95,ALS_Concat_Cleaned.csv & landsale.csv
TLTL 68,TLTL68,ALS_Concat_Cleaned.csv & landsale.csv
TMTL 235,TMTL235,landsale.csv
TMTL 242,TMTL242,landsale.csv
TMTL 246,TMTL246,landsale.csv
TMTL 247,TMTL247,landsale.csv
TMTL 263,TMTL263,landsale.csv
TMTL 277,TMTL277,landsale.csv
TMTL 281,TMTL281,landsale.csv
TMTL 288,TMTL288,landsale.csv
TMTL 292,TMTL292,landsale.csv
TMTL 296,TMTL296,landsale.csv
TMTL 297,TMTL297,landsale.csv
TMTL 300,TMTL300,landsale.csv
TMTL 302,TMTL302,landsale.csv
TMTL 313,TMTL313,landsale.csv
TMTL 316,TMTL316,landsale.csv
TMTL 318,TMTL318,landsale.csv
TMTL 319,TMTL319,landsale.csv
TMTL 320,TMTL320,landsale.csv
TMTL 321,TMTL321,landsale.csv
TMTL 322,TMTL322,landsale.csv
TMTL 323,TMTL323,landsale.csv
TMTL 333,TMTL333,landsale.csv
TMTL 338,TMTL338,landsale.csv
TMTL 345,TMTL345,landsale.csv
TMTL 346,TMTL346,landsale.csv
TMTL 347,TMTL347,landsale.csv
TMTL 353,TMTL353,landsale.csv
TMTL 355,TMTL355,landsale.csv
TMTL 360,TMTL360,landsale.csv
TMTL 368,TMTL368,landsale.csv
TMTL 370,TMTL370,landsale.csv
TMTL 371,TMTL371,ALS_Concat_Cleaned.csv & landsale.csv
TMTL 379,TMTL379,landsale.csv
TMTL 380,TMTL380,landsale.csv
TMTL 388,TMTL388,landsale.csv
TMTL 389,TMTL389,landsale.csv
TMTL 390,TMTL390,landsale.csv
TMTL 391,TMTL391,landsale.csv
TMTL 393,TMTL393,landsale.csv
TMTL 395,TMTL395,landsale.csv
TMTL 397,TMTL397,landsale.csv
TMTL 398,TMTL398,landsale.csv
TMTL 402,TMTL402,landsale.csv
TMTL 405,TMTL405,landsale.csv
TMTL 407,TMTL407,landsale.csv
TMTL 408,TMTL408,landsale.csv
TMTL 409,TMTL409,landsale.csv
TMTL 416,TMTL416,landsale.csv
TMTL 419,TMTL419,ALS_Concat_Cleaned.csv & landsale.csv
TMTL 422,TMTL422,ALS_Concat_Cleaned.csv & landsale.csv
TMTL 423,TMTL423,ALS_Concat_Cleaned.csv & landsale.csv
TMTL 425,TMTL425,landsale.csv
TMTL 427,TMTL427,ALS_Concat_Cleaned.csv & landsale.csv
TMTL 430,TMTL430,ALS_Concat_Cleaned.csv
TMTL 432,TMTL432,landsale.csv
TMTL 434,TMTL434,ALS_Concat_Cleaned.csv
TMTL 435,TMTL435,ALS_Concat_Cleaned.csv
TMTL 436,TMTL436,ALS_Concat_Cleaned.csv & landsale.csv
TMTL 449,TMTL449,ALS_Concat_Cleaned.csv & landsale.csv
TMTL 486,TMTL486,landsale.csv
TMTL 490,TMTL490,ALS_Concat_Cleaned.csv
TMTL 495,TMTL495,ALS_Concat_Cleaned.csv
TMTL 497,TMTL497,ALS_Concat_Cleaned.csv
TMTL 498,TMTL498,ALS_Concat_Cleaned.csv
TPTL 102,TPTL102,landsale.csv
TPTL 103,TPTL103,landsale.csv
TPTL 110,TPTL110,landsale.csv
TPTL 111,TPTL111,landsale.csv
TPTL 112,TPTL112,landsale.csv
TPTL 113,TPTL113,landsale.csv
TPTL 115,TPTL115,landsale.csv
TPTL 116,TPTL116,landsale.csv
TPTL 117,TPTL117,landsale.csv
TPTL 118,TPTL118,landsale.csv
TPTL 119,TPTL119,landsale.csv
TPTL 123,TPTL123,landsale.csv
TPTL 124,TPTL124,landsale.csv
TPTL 126,TPTL126,landsale.csv
TPTL 136,TPTL136,landsale.csv
TPTL 137,TPTL137,landsale.csv
TPTL 138,TPTL138,landsale.csv
TPTL 139,TPTL139,landsale.csv
TPTL 141,TPTL141,landsale.csv
TPTL 151,TPTL151,landsale.csv
TPTL 161,TPTL161,landsale.csv
TPTL 165,TPTL165,ALS_Concat_Cleaned.csv & landsale.csv
TPTL 166,TPTL166,ALS_Concat_Cleaned.csv
TPTL 167,TPTL167,ALS_Concat_Cleaned.csv & landsale.csv
TPTL 168,TPTL168,landsale.csv
TPTL 186,TPTL186,ALS_Concat_Cleaned.csv & landsale.csv
TPTL 187,TPTL187,ALS_Concat_Cleaned.csv & landsale.csv
TPTL 188,TPTL188,ALS_Concat_Cleaned.csv & landsale.csv
TPTL 193,TPTL193,landsale.csv
TPTL 195,TPTL195,ALS_Concat_Cleaned.csv & landsale.csv
TPTL 200,TPTL200,ALS_Concat_Cleaned.csv & landsale.csv
TPTL 201,TPTL201,ALS_Concat_Cleaned.csv & landsale.csv
TPTL 203,TPTL203,landsale.csv
TPTL 205,TPTL205,landsale.csv
TPTL 207,TPTL207,landsale.csv
TPTL 208,TPTL208,ALS_Concat_Cleaned.csv
TPTL 211,TPTL211,ALS_Concat_Cleaned.csv
TPTL 25,TPTL25,landsale.csv
TPTL 49,TPTL49,landsale.csv
TPTL 51,TPTL51,landsale.csv
TPTL 59,TPTL59,landsale.csv
TPTL 64,TPTL64,landsale.csv
TPTL 65,TPTL65,landsale.csv
TPTL 66,TPTL66,landsale.csv
TPTL 68,TPTL68,landsale.csv
TPTL 71,TPTL71,landsale.csv
TPTL 74,TPTL74,landsale.csv
TPTL 80,TPTL80,landsale.csv
TPTL 81,TPTL81,landsale.csv
TPTL 85,TPTL85,landsale.csv
TPTL 97,TPTL97,landsale.csv
TSEUNG KWAN O TOWN LOT NO. 112,TKOTL112,landsale.csv
TSEUNG KWAN O TOWN LOT NO. 122,TKOTL122,landsale.csv
TSEUNG KWAN O TOWN LOT NO. 126,TKOTL126,landsale.csv
TSEUNG KWAN O TOWN LOT NO. 131,TKOTL131,landsale.csv
TSEUNG KWAN O TOWN LOT NO. 137,TKOTL137,landsale.csv
TSEUNG KWAN O TOWN LOT NO. 93,TKOTL93,landsale.csv
TSING LUNG TAU TOWN LOT NO. 70,TLTL70,landsale.csv
TSING YI TOWN LOT NO. 185,TYTL185,landsale.csv
TSING YI TOWN LOT NO. 190,TYTL190,landsale.csv
TSING YI TOWN LOT NO. 192,TYTL192,landsale.csv
TSING YI TOWN LOT NO. 202,TYTL202,landsale.csv
TSING YI TOWN LOT NO. 203,TYTL203,landsale.csv
TSUEN WAN TOWN LOT NO. 393,TWTL393,landsale.csv
TSUEN WAN TOWN LOT NO. 427,TWTL427,landsale.csv
TSUEN WAN TOWN LOT NO. 428,TWTL428,landsale.csv
TSUEN WAN TOWN LOT NO. 430,TWTL430,landsale.csv
TSUEN WAN TOWN LOT NO. 441,TWTL441,landsale.csv
TSWTL 26,TSWTL26,ALS_Concat_Cleaned.csv & landsale.csv
TSWTL 27,TSWTL27,landsale.csv
TSWTL 28,TSWTL28,landsale.csv
TUEN MUN TOWN LOT NO. 430,TMTL430,landsale.csv
TUEN MUN TOWN LOT NO. 434,TMTL434,landsale.csv
TUEN MUN TOWN LOT NO. 435,TMTL435,landsale.csv
TUEN MUN TOWN LOT NO. 490,TMTL490,landsale.csv
TUEN MUN TOWN LOT NO. 495,TMTL495,landsale.csv
TUEN MUN TOWN LOT NO. 497,TMTL497,landsale.csv
TUEN MUN TOWN LOT NO. 498,TMTL498,landsale.csv
TUEN MUN TOWN LOT NO. 499,TMTL499,landsale.csv
TUEN MUN TOWN LOT NO. 500,TMTL500,landsale.csv
TUEN MUN TOWN LOT NO. 508,TMTL508,landsale.csv
TUEN MUN TOWN LOT NO. 509,TMTL509,landsale.csv
TUEN MUN TOWN LOT NO. 512,TMTL512,landsale.csv
TUEN MUN TOWN LOT NO. 513,TMTL513,landsale.csv
TUEN MUN TOWN LOT NO. 515,TMTL515,landsale.csv
TUEN MUN TOWN LOT NO. 516,TMTL516,landsale.csv
TUEN MUN TOWN LOT NO. 520,TMTL520,landsale.csv
TUEN MUN TOWN LOT NO. 523,TMTL523,landsale.csv
TUEN MUN TOWN LOT NO. 539,TMTL539,landsale.csv
TUEN MUN TOWN LOT NO. 540,TMTL540,landsale.csv
TUEN MUN TOWN LOT NO. 541,TMTL541,landsale.csv
TUEN MUN TOWN LOT NO. 542,TMTL542,landsale.csv
TUEN MUN TOWN LOT NO. 543,TMTL543,landsale.csv
TUEN MUN TOWN LOT NO. 544,TMTL544,landsale.csv
TUEN MUN TOWN LOT NO. 547,TMTL547,landsale.csv
TUEN MUN TOWN LOT NO. 561,TMTL561,landsale.csv
TUEN MUN TOWN LOT NO. 569,TMTL569,landsale.csv
TUEN MUN YIP TOWN LOT NO. 514,TMTL514,landsale.csv
TUNG CHUNG TOWN LOT NO. 38,TCTL38,landsale.csv
TUNG CHUNG TOWN LOT NO. 45,TCTL45,landsale.csv
TUNG CHUNG TOWN LOT NO. 54,TCTL54,landsale.csv
TUNG CHUNG TOWN LOT NO. 55,TCTL55,landsale.csv
TWTL 301,TWTL301,landsale.csv
TWTL 302,TWTL302,landsale.csv
TWTL 306,TWTL306,landsale.csv
TWTL 324,TWTL324,landsale.csv
TWTL 328,TWTL328,landsale.csv
TWTL 344,TWTL344,landsale.csv
TWTL 353,TWTL353,landsale.csv
TWTL 376,TWTL376,landsale.csv
TWTL 377,TWTL377,landsale.csv
TWTL 393,TWTL393,ALS_Concat_Cleaned.csv
TWTL 395,TWTL395,ALS_Concat_Cleaned.csv & landsale.csv
TWTL 400,TWTL400,landsale.csv
TWTL 404,TWTL404,landsale.csv
TWTL 408,TWTL408,landsale.csv
TYTL 116,TYTL116,landsale.csv
TYTL 117,TYTL117,landsale.csv
TYTL 125,TYTL125,landsale.csv
TYTL 158,TYTL158,ALS_Concat_Cleaned.csv
TYTL 161,TYTL161,ALS_Concat_Cleaned.csv
TYTL 162,TYTL162,ALS_Concat_Cleaned.csv
TYTL 163,TYTL163,landsale.csv
TYTL 164,TYTL164,ALS_Concat_Cleaned.csv
TYTL 168,TYTL168,ALS_Concat_Cleaned.csv & landsale.csv
TYTL 169,TYTL169,ALS_Concat_Cleaned.csv & landsale.csv
TYTL 170,TYTL170,landsale.csv
TYTL 180,TYTL180,landsale.csv
TYTL 181,TYTL181,landsale.csv
TYTL 182,TYTL182,landsale.csv
TYTL 183,TYTL183,landsale.csv
TYTL 92,TYTL92,landsale.csv
YAU TONG INLAND LOT NO. 44,YTIL44,landsale.csv
YAU TONG LEI INLAND LOT NO. LEI 42,YTIL42,landsale.csv
YLTL 385,YLTL385,landsale.csv
YLTL 404,YLTL404,landsale.csv
YLTL 410,YLTL410,landsale.csv
YLTL 419,YLTL419,landsale.csv
YLTL 421,YLTL421,landsale.csv
YLTL 430,YLTL430,landsale.csv
YLTL 431,YLTL431,landsale.csv
YLTL 432,YLTL432,landsale.csv
YLTL 433,YLTL433,landsale.csv
YLTL 434,YLTL434,landsale.csv
YLTL 435,YLTL435,landsale.csv
YLTL 436,YLTL436,landsale.csv
YLTL 437,YLTL437,landsale.csv
YLTL 438,YLTL438,landsale.csv
YLTL 439,YLTL439,landsale.csv
YLTL 440,YLTL440,landsale.csv
YLTL 441,YLTL441,landsale.csv
YLTL 442,YLTL442,landsale.csv
YLTL 443,YLTL443,landsale.csv
YLTL 445,YLTL445,landsale.csv
YLTL 446,YLTL446,landsale.csv
YLTL 450,YLTL450,landsale.csv
YLTL 451,YLTL451,landsale.csv
YLTL 452,YLTL452,landsale.csv
YLTL 453,YLTL453,landsale.csv
YLTL 454,YLTL454,landsale.csv
YLTL 456,YLTL456,landsale.csv
YLTL 458,YLTL458,ALS_Concat_Cleaned.csv
YLTL 460,YLTL460,landsale.csv
YLTL 461,YLTL461,landsale.csv
YLTL 463,YLTL463,landsale.csv
YLTL 464,YLTL464,landsale.csv
YLTL 467,YLTL467,landsale.csv
YLTL 472,YLTL472,landsale.csv
YLTL 473,YLTL473,landsale.csv
YLTL 479,YLTL479,landsale.csv
YLTL 486,YLTL486,landsale.csv
YLTL 488,YLTL488,landsale.csv
YLTL 489,YLTL489,landsale.csv
YLTL 491,YLTL491,landsale.csv
YLTL 492,YLTL492,landsale.csv
YLTL 494,YLTL494,landsale.csv
YLTL 497,YLTL497,landsale.csv
YLTL 518,YLTL518,ALS_Concat_Cleaned.csv & landsale.csv
YLTL 523,YLTL523,landsale.csv
YLTL 528,YLTL528,ALS_Concat_Cleaned.csv
YUEN LONG TOWN LOT NO. 528,YLTL528,landsale.csv
YUEN LONG TOWN LOT NO. 532,YLTL532,landsale.csv
