adj_premium_per_sqm,latitude,longitude,FEDFUNDS,RGDP(Billions),in_als,sale_regime,max_gfa,n_tenderers,award_date,accommodation_value
307976.15668464376,22.33363202,114.1862901,0.16,267.55188646778697,1,ALS,227529.0,7.0,2010-03-11,9537.0
149438.20224719102,22.50094618,114.1459693,0.2,267.55188646778697,1,ALS,385700.0,7.0,2010-05-24,3448.0
446122.16884008236,22.2636811,114.1804641,0.18,267.55188646778697,1,govt-led,324862.0,7.0,2010-07-28,32014.0
674880.8123336016,22.31182334,114.18196,0.19,267.55188646778697,1,govt-led,869247.0,7.0,2010-08-06,12540.0
464839.09415971395,22.30190746,114.1875593,0.19,267.55188646778697,1,ALS,365800.0,7.0,2010-08-17,9595.0
559650.5596505597,22.32411381,114.1858527,0.19,267.55188646778697,1,ALS,394285.0,7.0,2010-08-17,10399.0
535639.8499374739,22.34074839,114.1778257,0.19,267.55188646778697,1,ALS,77469.0,7.0,2010-08-31,16587.0
179296.875,22.49949121,114.1407702,0.19,267.55188646778697,1,govt-led,157345.0,7.0,2010-09-29,2917.0
130534.35114503816,22.29550148,113.9509874,0.19,267.55188646778697,1,ALS,1438200.0,7.0,2010-11-05,2378.0
580484.3304843305,22.34111864,114.1780393,0.18,267.55188646778697,1,ALS,90676.0,7.0,2010-12-10,17976.0
30137.977734225784,22.38513353,114.2630842,0.1,280.43362155818403,1,govt-led,3731.0,12.0,2011-04-10,14741.0
186946.4592987911,22.21931824,114.213789,0.1,280.43362155818403,1,govt-led,4966.0,12.0,2011-04-10,24388.0
761513.8704169501,22.31215734,114.1852114,0.1,280.43362155818403,1,govt-led,153515.0,12.0,2011-04-27,9934.0
662597.8359318009,22.30743434,114.1850558,0.09,280.43362155818403,1,govt-led,56410.0,12.0,2011-06-20,7203.0
585697.8859439025,22.30949322,114.1868902,0.09,280.43362155818403,1,govt-led,104840.0,12.0,2011-06-20,7640.0
185460.68682234568,22.44677928,114.0280242,0.07,280.43362155818403,1,govt-led,664139.0,7.0,2011-07-03,3629.0
140947.5770283236,22.29577087,113.9498904,0.07,280.43362155818403,0,govt-led,1367015.0,12.0,2011-07-28,2758.0
46887.110611119715,22.44122113,114.005347,0.08,280.43362155818403,1,govt-led,65401.0,12.0,2011-09-06,4587.0
1054831.8330321491,22.27276546,114.1639794,0.08,280.43362155818403,1,govt-led,435292.0,12.0,2011-09-06,26764.0
226531.55540168844,22.4135961,114.1994171,0.08,280.43362155818403,1,govt-led,1031461.0,12.0,2011-09-08,5332.0
354070.6766876426,22.23153045,114.198864,0.07,280.43362155818403,1,govt-led,12962.0,12.0,2011-10-11,38488.0
26773.791546910015,22.4859082,114.0612455,0.07,280.43362155818403,1,govt-led,101095.0,12.0,2011-12-05,6548.0
195669.08977267094,22.33190739,114.1720209,0.07,280.43362155818403,1,govt-led,36780.0,12.0,2011-12-05,15742.0
290054.0855983001,22.26801583,114.1794261,0.07,280.43362155818403,1,govt-led,180834.0,12.0,2011-12-05,24829.0
759422.3198878312,22.24312634,114.1588213,0.13,285.201896527083,1,govt-led,229809.0,12.0,2012-03-22,11044.0
83891.83830390123,22.3203357,114.276565,0.13,285.201896527083,1,govt-led,32787.0,12.0,2012-03-22,21350.0
350750.1743269449,22.23324611,114.2000574,0.16,285.201896527083,1,govt-led,3906.0,20.0,2012-05-02,39673.0
216622.22564035802,22.30442439,114.2594245,0.16,285.201896527083,1,govt-led,23936.0,20.0,2012-05-24,4009.0
534270.6733904697,22.25272682,114.1831802,0.16,285.201896527083,1,ALS,23052.26,20.0,2012-05-30,24181.0
11989.91384026253,22.2862759,114.0393781,0.16,285.201896527083,1,ALS,856.8,20.0,2012-05-30,1628.0
269496.89678924764,22.2930232,114.2011834,0.16,285.201896527083,1,govt-led,83675.0,20.0,2012-07-11,7672.0
212255.3833143304,22.30442367,114.260822,0.13,285.201896527083,1,govt-led,27643.0,20.0,2012-08-01,3929.0
140738.5661568255,22.41402008,114.2024766,0.13,285.201896527083,1,govt-led,29550.0,20.0,2012-08-30,9551.0
14180.762904858237,22.28778166,114.0361989,0.13,285.201896527083,1,govt-led,5200.0,20.0,2012-08-30,1444.0
37226.91065968366,22.37681616,113.9893464,0.14,285.201896527083,1,govt-led,939592.0,12.0,2012-09-02,2915.0
183855.58011238958,22.4326204,114.2429478,0.16,285.201896527083,1,govt-led,52219.0,20.0,2012-11-07,5161.0
121049.16934073376,22.30244731,114.2582005,0.16,285.201896527083,1,govt-led,53265.0,20.0,2012-11-28,4929.0
149366.48236480675,22.41563693,114.1998448,0.14,294.047583443362,1,govt-led,13228.0,20.0,2013-01-09,10302.0
82479.52775764668,22.38594877,114.2722011,0.14,294.047583443362,1,govt-led,23145.0,20.0,2013-01-09,5840.0
45075.204815566154,22.37312763,114.0018186,0.14,294.047583443362,1,govt-led,35014.0,20.0,2013-01-30,3683.0
424602.42452836403,22.31828925,114.1820864,0.14,294.047583443362,1,govt-led,106110.0,20.0,2013-03-13,10233.0
153718.48022240592,22.41517622,114.2009617,0.14,294.047583443362,1,govt-led,12120.0,20.0,2013-03-27,10885.0
231278.17736859087,22.32921251,114.2002658,0.09,294.047583443362,1,govt-led,42925.0,28.0,2013-06-05,4913.0
255504.20186711528,22.32975187,114.2007815,0.09,294.047583443362,1,govt-led,38855.0,28.0,2013-06-05,5428.0
434165.02016038756,22.31680475,114.18128,0.09,294.047583443362,1,govt-led,36022.0,28.0,2013-06-14,9875.0
99765.77480294221,22.30335734,114.2628996,0.09,294.047583443362,1,govt-led,76276.0,28.0,2013-06-25,3654.0
39673.06714013532,22.36898357,113.9960874,0.09,294.047583443362,1,govt-led,4494.1,28.0,2013-06-25,3241.0
117091.81359868874,22.30229241,114.2626288,0.09,294.047583443362,1,govt-led,79521.0,28.0,2013-07-10,4289.0
56864.526196881096,22.23358475,113.9601857,0.09,294.047583443362,1,govt-led,575.2,28.0,2013-07-10,15102.0
179346.1108581357,22.41307761,114.20234,0.08,294.047583443362,1,govt-led,12495.0,28.0,2013-08-01,9071.0
42370.735543486124,22.36827178,114.0003313,0.08,294.047583443362,1,govt-led,14806.0,28.0,2013-08-01,3534.0
152657.33953513874,22.4523176,114.029689,0.08,294.047583443362,1,govt-led,21515.0,28.0,2013-09-04,3243.0
72048.09319178856,22.41198051,114.2018548,0.08,294.047583443362,1,govt-led,30036.0,28.0,2013-09-04,8382.0
92094.3679564366,22.37850691,114.2660208,0.08,294.047583443362,0,govt-led,16146.0,28.0,2013-11-06,4891.0
176241.90824921173,22.49984065,114.1198378,0.08,294.047583443362,0,govt-led,51598.0,28.0,2013-11-13,5200.0
147886.77542910684,22.39949922,114.1998854,0.07,302.17039441785903,0,govt-led,2499.0,28.0,2014-01-15,7811.0
277714.1050612707,22.32832548,114.2021158,0.07,302.17039441785903,0,govt-led,48290.0,28.0,2014-02-25,5600.0
264320.3962796016,22.32798567,114.2016953,0.07,302.17039441785903,0,govt-led,51221.0,28.0,2014-02-25,5330.0
323811.2314189291,22.32754515,114.201198,0.07,302.17039441785903,0,govt-led,55819.0,28.0,2014-02-25,6530.0
40570.43567745604,22.43417444,114.2409669,0.08,302.17039441785903,1,govt-led,40000.0,28.0,2014-03-25,4241.0
10097.67509423204,22.28583511,114.0391294,0.08,302.17039441785903,0,govt-led,1306.5,28.0,2014-03-25,1493.0
722840.379770276,22.27541216,114.1697386,0.09,302.17039441785903,1,govt-led,1350.0,16.0,2014-04-06,16035.0
208872.81176148963,22.25220715,114.1799336,0.09,302.17039441785903,0,govt-led,8145.0,16.0,2014-05-14,30889.0
88555.57552213648,22.40438166,113.9787087,0.09,302.17039441785903,0,govt-led,6606.0,16.0,2014-05-14,3274.0
125440.02531116316,22.36557086,114.0076523,0.09,302.17039441785903,0,govt-led,1253.0,16.0,2014-08-20,11599.0
762371.7020497367,22.28273918,114.2258139,0.09,302.17039441785903,0,govt-led,4287.0,16.0,2014-09-04,9397.0
24641.0749890711,22.47118283,114.0036709,0.09,302.17039441785903,0,govt-led,113250.0,16.0,2014-09-07,1822.0
25601.292086652284,22.46719354,114.006131,0.09,302.17039441785903,0,govt-led,96600.0,16.0,2014-09-07,1893.0
216218.924872552,22.4985511,114.1427908,0.09,302.17039441785903,0,govt-led,19501.0,16.0,2014-09-29,3478.0
79683.66463602107,22.40542717,113.9810179,0.12,302.17039441785903,0,govt-led,44192.0,16.0,2014-12-11,2210.0
143934.57007629788,22.42943213,114.205091,0.11,309.385622601348,0,govt-led,61635.0,17.0,2015-02-09,4567.0
38349.155276500955,22.47971559,114.1113507,0.12,309.385622601348,0,govt-led,3076.0,17.0,2015-04-15,9127.0
144655.56646678314,22.37665772,114.2701699,0.12,309.385622601348,0,govt-led,4793.0,17.0,2015-04-29,11804.0
204914.17617370674,22.42957333,114.2475633,0.12,309.385622601348,0,govt-led,20988.0,17.0,2015-05-13,6502.0
121276.71301546301,22.3723639,114.0003022,0.13,309.385622601348,0,govt-led,72960.0,17.0,2015-06-17,4621.0
16430.33488849538,22.20356262,114.0366195,0.13,309.385622601348,0,govt-led,2728.0,17.0,2015-06-24,2346.0
115127.99003029215,22.37361178,114.0037497,0.14,309.385622601348,0,govt-led,78200.0,17.0,2015-08-07,4541.0
171796.30352953944,22.37442004,113.9867377,0.14,309.385622601348,0,govt-led,10647.0,17.0,2015-09-16,15096.0
279857.70605335955,22.34679297,114.1634415,0.14,309.385622601348,0,govt-led,58750.0,17.0,2015-09-29,11101.0
50912.641474351396,22.48574508,114.059088,0.24,309.385622601348,0,govt-led,4201.0,17.0,2015-12-08,12118.0
126316.49898691638,22.37210843,114.0030574,0.24,309.385622601348,1,govt-led,24480.0,17.0,2015-12-23,4008.0
558492.0364970035,22.31842002,114.1799999,0.38,316.11614656942197,0,govt-led,54444.0,17.0,2016-02-03,10889.0
623171.6801816664,22.32705642,114.1979924,0.38,316.11614656942197,0,govt-led,60814.0,20.0,2016-02-11,13500.0
326932.81058844563,22.33367868,114.1601188,0.36,316.11614656942197,0,govt-led,28557.0,17.0,2016-03-02,4250.0
302101.3912634828,22.29175558,114.2361758,0.36,316.11614656942197,0,govt-led,52650.0,20.0,2016-03-08,7068.0
88237.3606356074,22.20546782,114.2135135,0.36,316.11614656942197,0,govt-led,21000.0,17.0,2016-03-15,12436.0
58984.98418571622,22.36155772,114.1621371,0.36,316.11614656942197,0,govt-led,8250.0,17.0,2016-03-23,2760.0
264206.4035291126,22.34290087,114.1690972,0.37,316.11614656942197,0,govt-led,31844.0,20.0,2016-05-10,21206.0
120262.59836271357,22.34410034,114.1058351,0.37,316.11614656942197,0,govt-led,18600.0,20.0,2016-05-31,4690.0
102879.18773538341,22.36742632,114.0014109,0.38,316.11614656942197,0,govt-led,27280.0,20.0,2016-06-28,3343.0
139089.34317983795,22.37570131,114.2008649,0.4,316.11614656942197,0,govt-led,40320.0,20.0,2016-08-08,5448.0
139690.9929680304,22.37426435,113.9913215,0.4,316.11614656942197,0,govt-led,61600.0,20.0,2016-08-08,4085.0
209264.4416117617,22.37943306,113.9814403,0.4,316.11614656942197,0,govt-led,19141.0,20.0,2016-08-24,6800.0
27597.552454512082,22.44592145,114.0511032,0.4,316.11614656942197,0,govt-led,34148.0,20.0,2016-08-30,2690.0
246231.05137500344,22.41087911,114.2068476,0.4,316.11614656942197,0,govt-led,22676.0,20.0,2016-09-14,8001.0
277812.98160795466,22.30417657,114.2299566,0.41,316.11614656942197,0,govt-led,76788.0,20.0,2016-11-16,7729.0
44874.17933303579,22.43841467,114.1674417,0.54,316.11614656942197,0,govt-led,107100.0,17.0,2016-12-02,1848.0
488277.8628487024,22.32588578,114.1993703,0.54,316.11614656942197,0,govt-led,36972.0,20.0,2016-12-19,13600.0
480511.37362672866,22.32750733,114.1984615,0.54,316.11614656942197,0,govt-led,53350.0,20.0,2016-12-29,10220.0
591264.1219391142,22.32676194,114.2002411,0.65,328.116261237137,0,govt-led,39517.0,20.0,2017-01-25,13000.0
1121442.3836827846,22.23916357,114.1507521,0.66,328.116261237137,0,govt-led,70800.0,20.0,2017-02-24,22118.0
614008.7094985811,22.32624376,114.1998152,0.79,328.116261237137,0,govt-led,51202.0,20.0,2017-03-15,13500.0
581968.8179096864,22.32804328,114.1989219,0.91,328.116261237137,0,govt-led,53465.0,9.0,2017-05-16,12563.0
203161.58362955044,22.37353826,114.0010421,1.04,328.116261237137,0,govt-led,43938.0,9.0,2017-06-21,6700.0
234235.41908470547,22.43383386,114.2441288,1.15,328.116261237137,0,govt-led,11088.0,9.0,2017-07-21,11588.0
66258.25216219453,22.23385569,113.9614313,1.16,328.116261237137,0,govt-led,992.0,9.0,2017-08-16,19667.0
699167.1847914506,22.32756176,114.1480652,1.16,328.116261237137,0,govt-led,91770.0,9.0,2017-11-15,17501.0
511905.4049413347,22.50331373,114.1284479,1.3,328.116261237137,0,govt-led,866.0,9.0,2017-12-28,14086.0
844763.4187379106,22.34475657,114.1804228,1.41,337.45743335228804,0,govt-led,40543.0,9.0,2018-01-16,28531.0
444241.6156371611,22.32857446,114.2333134,1.41,337.45743335228804,0,govt-led,24093.0,9.0,2018-01-24,12003.0
57871.55197582704,22.23337388,113.9597879,1.7,337.45743335228804,0,govt-led,1076.0,13.0,2018-05-12,17604.0
1161231.6626708119,22.33199466,114.1993238,1.7,337.45743335228804,0,govt-led,131495.0,13.0,2018-05-15,17777.0
656005.504956135,22.31229371,114.2080541,1.91,337.45743335228804,0,govt-led,53383.0,13.0,2018-07-11,14502.0
685192.357345729,22.29602219,114.2419562,1.91,337.45743335228804,0,govt-led,33120.0,13.0,2018-08-15,9257.0
36364.3714243006,22.41678478,113.9861598,2.19,337.45743335228804,0,govt-led,943.9,13.0,2018-10-24,8188.0
22216.050749462567,22.23794678,113.9654497,2.19,337.45743335228804,0,govt-led,2201.0,13.0,2018-10-30,6754.0
496180.08023076656,22.35763335,114.0967113,2.2,337.45743335228804,0,govt-led,7432.0,13.0,2018-11-04,10842.0
701029.5375605803,22.31125405,114.2093002,2.2,337.45743335228804,0,govt-led,53394.0,13.0,2018-11-14,15497.0
678452.016419646,22.31327578,114.2069739,2.27,337.45743335228804,0,govt-led,55192.0,13.0,2018-12-27,13523.0
763287.6861607092,22.31150043,114.2072959,2.4,331.813698522682,0,govt-led,60258.0,13.0,2019-01-23,17360.0
142427.11457751202,22.42817749,114.2014239,2.4,331.813698522682,0,govt-led,88200.0,13.0,2019-02-15,6646.0
40739.25776967057,22.23451563,113.9598024,2.4,331.813698522682,0,govt-led,8240.0,13.0,2019-02-25,12740.0
139244.2551975008,22.43652141,114.0321043,2.41,331.813698522682,0,govt-led,3920.0,13.0,2019-03-13,4972.0
766705.2023888384,22.31402603,114.2061155,2.41,331.813698522682,0,govt-led,67081.0,13.0,2019-03-27,13701.0
595633.3027650284,22.27158221,114.1923889,1.55,331.813698522682,0,govt-led,11970.0,7.0,2019-12-18,24836.0
252025.8694761322,22.31533612,114.1686731,1.55,310.097167509498,0,govt-led,1893.75,10.0,2020-01-04,4214.0
570544.4076841678,22.31666754,114.2030004,1.58,310.097167509498,0,govt-led,30514.0,10.0,2020-02-12,13009.0
553312.2287216934,22.31617598,114.1689254,0.05,310.097167509498,0,govt-led,4691.25,10.0,2020-04-28,9252.0
181871.63387317958,22.32030908,114.2395656,0.05,310.097167509498,0,govt-led,101185.0,10.0,2020-05-19,4545.0
110588.80827912709,22.35278093,114.2512256,0.1,310.097167509498,0,govt-led,5344.0,10.0,2020-08-26,9246.0
709428.867410155,22.2655063,114.1625074,0.09,310.097167509498,0,govt-led,24093.0,10.0,2020-12-23,46272.0
684875.3303490308,22.31589232,114.2025433,0.08,330.11217330710497,0,govt-led,60214.0,10.0,2021-02-17,15861.0
338389.07013866224,22.5066233,114.0986524,0.07,330.11217330710497,0,govt-led,111402.0,7.0,2021-04-27,7184.0
433781.5254085383,22.49902603,114.1225091,0.08,330.11217330710497,0,govt-led,26400.0,7.0,2021-06-30,9209.0
400373.91219039867,22.50676833,114.0971744,0.1,330.11217330710497,0,govt-led,45744.0,7.0,2021-07-28,8499.0
34339.51171210199,22.45433105,114.03198,0.09,330.11217330710497,0,govt-led,7299.8,7.0,2021-08-17,9112.0
1043614.9679085013,22.26507403,114.1633869,0.08,330.11217330710497,0,govt-led,13468.0,10.0,2021-09-02,50011.0
529120.4730393455,22.34305229,114.1833415,0.08,330.11217330710497,0,govt-led,6651.0,7.0,2021-10-27,22465.0
71260.55838321392,22.42610314,114.1958971,0.08,330.11217330710497,0,govt-led,21003.0,7.0,2021-12-29,6051.0
432451.063071278,22.23495115,114.1993493,0.08,317.94660354633896,0,govt-led,1770.3,7.0,2022-02-15,62354.0
97704.20737969501,22.366618,114.0039174,0.77,317.94660354633896,0,govt-led,121366.8,8.0,2022-05-10,3522.0
1145227.2192404955,22.27408557,114.1748041,1.21,317.94660354633896,0,govt-led,10794.0,8.0,2022-06-21,16888.0
790355.4678398528,22.28520741,114.146076,1.68,317.94660354633896,1,govt-led,3992.8,8.0,2022-07-26,12820.0
585658.380406337,22.2816505,114.1216306,2.56,317.94660354633896,0,govt-led,4296.0,8.0,2022-09-11,9500.0
406981.35726677935,22.36690618,114.1751783,2.56,317.94660354633896,0,govt-led,8299.8,8.0,2022-09-20,8802.0
202964.1773152645,22.34985099,114.130866,3.78,317.94660354633896,0,govt-led,23280.0,8.0,2022-11-15,4390.0
312795.0596496729,22.32770112,114.192826,4.1,317.94660354633896,0,govt-led,131732.0,8.0,2022-12-21,6138.0
120681.66229490518,22.36945234,114.0970174,4.57,327.963017258,0,govt-led,29200.0,8.0,2023-02-15,4578.0
533663.0569940598,22.28198089,114.1227113,5.06,327.963017258,0,govt-led,22600.0,4.0,2023-05-07,7071.0
277906.89155765105,22.3287974,114.194048,5.33,327.963017258,0,govt-led,92185.0,4.0,2023-09-13,5392.0
7524.6308140622705,22.23834613,113.9632526,5.33,327.963017258,0,govt-led,7600.0,4.0,2023-12-20,2492.0
175945.50810014713,22.38358616,114.205235,5.33,336.586373892992,0,govt-led,14550.0,3.0,2024-07-17,3952.0
124535.46469012223,22.38280376,114.2091766,4.83,336.586373892992,0,govt-led,28260.0,3.0,2024-10-29,3357.0
114386.78402857528,22.37924233,114.1733939,4.33,348.325324736967,0,govt-led,18000.0,3.0,2025-01-27,3128.0
38417.94897672541,22.29962595,113.9515578,4.33,348.325324736967,0,govt-led,37268.0,3.0,2025-02-19,1501.0
169414.6553790644,22.38358368,113.9724806,4.33,348.325324736967,0,govt-led,26208.0,5.0,2025-08-13,3860.0
258146.65969990697,22.36578992,114.1144857,3.88,348.325324736967,0,govt-led,40393.0,5.0,2025-11-18,5693.0
