adj_premium_per_sqm,latitude,longitude,FEDFUNDS,RGDP(Billions),in_als,sale_regime,n_tenderers,award_date
674.4913636314838,22.38223205,113.9724433,4.74,166.732419571052,0,govt-led,6.0,1999-04-08
546.423924827876,22.26565701,114.1523858,4.74,166.732419571052,0,govt-led,6.0,1999-04-08
2375.9914985281825,22.28615723,114.1964175,4.74,166.732419571052,0,govt-led,6.0,1999-04-20
1210.780184974522,22.34196738,114.1835629,4.74,166.732419571052,0,govt-led,6.0,1999-04-20
1123.49238489548,22.26643616,114.1518437,4.76,166.732419571052,0,govt-led,6.0,1999-06-29
1260.1417623972982,22.36155507,114.1235726,4.76,166.732419571052,0,govt-led,6.0,1999-06-29
210.49024414401688,22.30298217,114.1865889,5.22,166.732419571052,0,govt-led,6.0,1999-09-24
374.0820662152983,22.4660083,114.0041117,5.2,166.732419571052,0,govt-led,6.0,1999-10-14
668.9824844278054,22.23262322,114.1984374,5.2,166.732419571052,0,govt-led,6.0,1999-10-14
1938.4158531629819,22.32078035,114.1553075,5.3,166.732419571052,0,govt-led,6.0,1999-12-13
111.24356183785369,22.34044676,114.2111222,5.3,166.732419571052,0,govt-led,6.0,1999-12-14
376.54240699714916,22.26954105,114.1589247,5.73,179.50986514801002,0,govt-led,6.0,2000-02-29
2012.6547264586077,22.28158299,114.220685,5.73,179.50986514801002,0,govt-led,6.0,2000-02-29
829.5470916091264,22.24387589,114.1588115,5.85,179.50986514801002,0,govt-led,6.0,2000-03-28
122.38481126781798,22.36480577,114.1226684,6.02,179.50986514801002,0,govt-led,8.0,2000-04-29
130.78471035371678,22.36015663,114.1037381,6.5,179.50986514801002,0,govt-led,8.0,2000-08-24
96.393533968809,22.46897643,114.0014458,6.51,179.50986514801002,0,govt-led,6.0,2000-10-03
175.12847581680973,22.4409525,114.0075137,4.8,180.51667699083401,0,govt-led,2.0,2001-04-12
306.9885808450482,22.34425006,114.1501782,4.8,180.51667699083401,0,govt-led,2.0,2001-04-12
150.6436345752154,22.39974347,114.1983175,3.97,180.51667699083401,0,govt-led,2.0,2001-06-19
1115.3248244289234,22.36998745,114.1173942,3.97,180.51667699083401,0,govt-led,2.0,2001-06-19
88.16598417543761,22.36913649,114.261288,3.65,180.51667699083401,0,govt-led,2.0,2001-08-13
185.36545760773424,22.44053646,114.0069022,3.65,180.51667699083401,0,govt-led,2.0,2001-08-13
353.77984288646275,22.34480087,114.1498092,2.49,180.51667699083401,0,govt-led,2.0,2001-10-16
51.26271312846533,22.39224024,114.2980969,2.49,180.51667699083401,0,govt-led,2.0,2001-10-16
473.8040417688847,22.38368453,113.9713148,1.75,183.507299799746,0,govt-led,2.0,2002-04-02
96.2863137912904,22.43733872,114.1819549,1.75,183.507299799746,0,govt-led,2.0,2002-04-02
916.691912804528,22.37929975,114.1810109,1.0,205.569152313655,1,ALS,1.0,2004-05-25
1680.386826357103,22.41185734,114.2226391,1.0,205.569152313655,1,ALS,1.0,2004-05-25
3230.2226108634804,22.3307508,114.1923566,1.03,205.569152313655,1,ALS,1.0,2004-06-15
5974.24282278867,22.31903863,114.1856777,2.16,205.569152313655,1,ALS,1.0,2004-12-10
4167.129969527346,22.33355882,114.1968707,2.16,205.569152313655,1,ALS,1.0,2004-12-10
4816.568133681335,22.31760258,114.1650721,3.62,220.756917763457,1,ALS,1.0,2005-09-27
4934.544792155018,22.31763863,114.1640918,3.62,220.756917763457,1,ALS,1.0,2005-09-27
3267.4184223616344,22.33953408,114.2138109,3.62,220.756917763457,1,ALS,1.0,2005-09-27
149.09161586440206,22.23654699,113.9490352,5.24,236.281973981408,1,ALS,1.0,2006-07-18
3489.221073977001,22.33998975,114.1818931,5.25,236.281973981408,1,ALS,1.0,2006-11-28
2157.9659991573617,22.41533565,114.223662,5.25,236.281973981408,1,ALS,1.0,2006-11-28
279.5438364354814,22.36278022,114.0523083,5.24,236.281973981408,1,ALS,1.0,2006-12-09
2680.4600560728827,22.26512388,114.1503291,5.24,236.281973981408,1,ALS,1.0,2006-12-19
2257.9808085770323,22.43246012,114.2037039,5.26,251.55719740925298,1,ALS,1.0,2007-03-13
1887.2239475666947,22.432072,114.2025285,5.26,251.55719740925298,1,ALS,1.0,2007-03-13
2224.30469325187,22.44965608,114.1674994,5.26,251.55719740925298,1,ALS,1.0,2007-03-13
99.74666983877545,22.20367172,114.0229285,5.26,251.55719740925298,1,ALS,1.0,2007-03-27
685.4319886758573,22.36708995,113.9969812,5.25,251.55719740925298,1,ALS,4.0,2007-05-29
491.16358213302334,22.36667835,114.0004382,5.25,251.55719740925298,1,ALS,4.0,2007-05-29
4494.9013259704725,22.34052136,114.1970852,5.26,251.55719740925298,1,ALS,4.0,2007-07-31
5325.704502583815,22.30952928,114.1658103,5.02,251.55719740925298,1,ALS,4.0,2007-08-05
2206.787955609422,22.43376071,114.2024317,4.94,251.55719740925298,1,ALS,4.0,2007-09-17
311.8396324859516,22.23556939,113.9479803,4.76,251.55719740925298,1,ALS,4.0,2007-10-15
9569.841013611353,22.2459173,114.1638751,4.76,251.55719740925298,1,ALS,4.0,2007-10-15
5255.5269817887365,22.31844149,114.1558417,4.24,251.55719740925298,1,ALS,4.0,2007-12-06
886.9449850344265,22.36621182,114.2589075,1.81,256.910175715631,1,ALS,3.0,2008-09-05
2040.505671696811,22.50378598,114.1269296,0.18,250.59251940993798,1,ALS,3.0,2009-05-05
2517.6028103375893,22.43142135,114.2052579,0.12,250.59251940993798,1,ALS,3.0,2009-12-28
2566.4883018004543,22.43075288,114.2064234,0.12,250.59251940993798,1,ALS,3.0,2009-12-28
2739.837398373984,22.30622975,114.2609104,0.13,267.55188646778697,1,ALS,3.0,2010-02-22
3079.7615668464377,22.33363202,114.1862901,0.16,267.55188646778697,1,ALS,5.0,2010-03-11
1494.3820224719102,22.50094618,114.1459693,0.2,267.55188646778697,1,ALS,5.0,2010-05-24
4461.221688400824,22.2636811,114.1804641,0.18,267.55188646778697,1,govt-led,5.0,2010-07-28
6748.808123336016,22.31182334,114.18196,0.19,267.55188646778697,1,govt-led,5.0,2010-08-06
5596.505596505596,22.32411381,114.1858527,0.19,267.55188646778697,1,ALS,5.0,2010-08-17
4648.390941597139,22.30190746,114.1875593,0.19,267.55188646778697,1,ALS,5.0,2010-08-17
5356.39849937474,22.34074839,114.1778257,0.19,267.55188646778697,1,ALS,5.0,2010-08-31
1792.96875,22.49949121,114.1407702,0.19,267.55188646778697,1,govt-led,5.0,2010-09-29
1305.3435114503816,22.29550148,113.9509874,0.19,267.55188646778697,1,ALS,5.0,2010-11-05
5804.843304843304,22.34111864,114.1780393,0.18,267.55188646778697,1,ALS,5.0,2010-12-10
301.37977734225785,22.38513353,114.2630842,0.1,280.43362155818403,1,govt-led,28.0,2011-04-10
1869.4645929879111,22.21931824,114.213789,0.1,280.43362155818403,1,govt-led,28.0,2011-04-10
7615.1387041695,22.31215734,114.1852114,0.1,280.43362155818403,1,govt-led,28.0,2011-04-27
306.3017522945318,22.42847229,113.9989712,0.09,280.43362155818403,1,govt-led,28.0,2011-06-09
480.7452668734632,22.33682501,114.2420969,0.09,280.43362155818403,1,ALS,28.0,2011-06-09
2212.2118079301868,22.30562547,114.2594058,0.09,280.43362155818403,1,govt-led,28.0,2011-06-09
6625.978359318008,22.30743434,114.1850558,0.09,280.43362155818403,1,govt-led,28.0,2011-06-20
5856.978859439026,22.30949322,114.1868902,0.09,280.43362155818403,1,govt-led,28.0,2011-06-20
1854.6068682234568,22.44677928,114.0280242,0.07,280.43362155818403,1,govt-led,5.0,2011-07-03
1409.4757702832362,22.29577087,113.9498904,0.07,280.43362155818403,0,govt-led,28.0,2011-07-28
226.3995370117855,22.23744022,113.9625168,0.1,280.43362155818403,1,govt-led,28.0,2011-08-12
226.576066865206,22.23782572,113.961916,0.1,280.43362155818403,1,govt-led,28.0,2011-08-12
468.87110611119715,22.44122113,114.005347,0.08,280.43362155818403,1,govt-led,28.0,2011-09-06
10548.31833032149,22.27276546,114.1639794,0.08,280.43362155818403,1,govt-led,28.0,2011-09-06
2265.3155540168846,22.4135961,114.1994171,0.08,280.43362155818403,1,govt-led,28.0,2011-09-08
3540.706766876426,22.23153045,114.198864,0.07,280.43362155818403,1,govt-led,28.0,2011-10-11
267.73791546910013,22.4859082,114.0612455,0.07,280.43362155818403,1,govt-led,28.0,2011-12-05
1956.6908977267094,22.33190739,114.1720209,0.07,280.43362155818403,1,govt-led,28.0,2011-12-05
2900.540855983001,22.26801583,114.1794261,0.07,280.43362155818403,1,govt-led,28.0,2011-12-05
231.10228059032426,22.26583952,113.9972273,0.07,280.43362155818403,1,govt-led,28.0,2011-12-22
37.99264625328642,22.28720846,114.0364224,0.08,285.201896527083,1,govt-led,28.0,2012-01-03
7594.2231988783105,22.24312634,114.1588213,0.13,285.201896527083,1,govt-led,28.0,2012-03-22
838.9183830390123,22.3203357,114.276565,0.13,285.201896527083,1,govt-led,28.0,2012-03-22
3507.501743269449,22.23324611,114.2000574,0.16,285.201896527083,1,govt-led,29.0,2012-05-02
182.11996003034116,22.36805894,114.0078932,0.16,285.201896527083,1,govt-led,29.0,2012-05-02
2166.22225640358,22.30442439,114.2594245,0.16,285.201896527083,1,govt-led,29.0,2012-05-24
1036.4515241930906,22.41393899,114.2012722,0.16,285.201896527083,1,govt-led,29.0,2012-05-24
119.89913840262531,22.2862759,114.0393781,0.16,285.201896527083,1,ALS,29.0,2012-05-30
5342.706733904697,22.25272682,114.1831802,0.16,285.201896527083,1,ALS,29.0,2012-05-30
2694.9689678924765,22.2930232,114.2011834,0.16,285.201896527083,1,govt-led,29.0,2012-07-11
2122.553833143304,22.30442367,114.260822,0.13,285.201896527083,1,govt-led,29.0,2012-08-01
141.80762904858238,22.28778166,114.0361989,0.13,285.201896527083,1,govt-led,29.0,2012-08-30
1407.3856615682548,22.41402008,114.2024766,0.13,285.201896527083,1,govt-led,29.0,2012-08-30
372.26910659683665,22.37681616,113.9893464,0.14,285.201896527083,1,govt-led,28.0,2012-09-02
1614.6684992460757,22.30353038,114.2593949,0.14,285.201896527083,1,govt-led,29.0,2012-09-28
158.91323941559162,22.28688555,114.0394796,0.14,285.201896527083,1,govt-led,29.0,2012-09-28
1553.1807136182472,22.30352963,114.2608603,0.16,285.201896527083,1,govt-led,29.0,2012-11-07
1838.5558011238957,22.4326204,114.2429478,0.16,285.201896527083,1,govt-led,29.0,2012-11-07
1210.4916934073376,22.30244731,114.2582005,0.16,285.201896527083,1,govt-led,29.0,2012-11-28
2058.548921646212,22.30529061,114.2608322,0.16,285.201896527083,1,govt-led,28.0,2012-12-01
1124.7058445474902,22.30256518,114.2572495,0.16,285.201896527083,1,govt-led,29.0,2012-12-13
6517.41199499968,22.30352408,114.1685282,0.16,285.201896527083,1,govt-led,29.0,2012-12-13
824.7952775764667,22.38594877,114.2722011,0.14,294.047583443362,1,govt-led,29.0,2013-01-09
1493.6648236480676,22.41563693,114.1998448,0.14,294.047583443362,1,govt-led,29.0,2013-01-09
450.75204815566156,22.37312763,114.0018186,0.14,294.047583443362,1,govt-led,29.0,2013-01-30
4246.024245283641,22.31828925,114.1820864,0.14,294.047583443362,1,govt-led,29.0,2013-03-13
1537.1848022240595,22.41517622,114.2009617,0.14,294.047583443362,1,govt-led,29.0,2013-03-27
1538.7629459840593,22.30560188,114.2644109,0.15,294.047583443362,1,govt-led,38.0,2013-04-10
146.65290109436248,22.41395885,113.9813645,0.15,294.047583443362,1,govt-led,38.0,2013-04-10
2555.0420186711526,22.32975187,114.2007815,0.09,294.047583443362,1,govt-led,38.0,2013-06-05
2312.781773685909,22.32921251,114.2002658,0.09,294.047583443362,1,govt-led,38.0,2013-06-05
4341.650201603876,22.31680475,114.18128,0.09,294.047583443362,1,govt-led,38.0,2013-06-14
396.73067140135316,22.36898357,113.9960874,0.09,294.047583443362,1,govt-led,38.0,2013-06-25
997.657748029422,22.30335734,114.2628996,0.09,294.047583443362,1,govt-led,38.0,2013-06-25
568.645261968811,22.23358475,113.9601857,0.09,294.047583443362,1,govt-led,38.0,2013-07-10
1170.9181359868874,22.30229241,114.2626288,0.09,294.047583443362,1,govt-led,38.0,2013-07-10
1793.4611085813572,22.41307761,114.20234,0.08,294.047583443362,1,govt-led,38.0,2013-08-01
423.70735543486126,22.36827178,114.0003313,0.08,294.047583443362,1,govt-led,38.0,2013-08-01
720.4809319178856,22.41198051,114.2018548,0.08,294.047583443362,1,govt-led,38.0,2013-09-04
1526.5733953513877,22.4523176,114.029689,0.08,294.047583443362,1,govt-led,38.0,2013-09-04
1196.1475976434915,22.41159098,114.2007341,0.08,294.047583443362,1,govt-led,38.0,2013-09-18
5883.0627131489,22.27580265,114.1699892,0.08,294.047583443362,1,govt-led,38.0,2013-09-18
2160.2356406480044,22.3760934,113.9676654,0.09,294.047583443362,1,govt-led,38.0,2013-10-17
374.0407052113028,22.54404005,114.2254218,0.09,294.047583443362,1,govt-led,38.0,2013-10-17
920.943679564366,22.37850691,114.2660208,0.08,294.047583443362,0,govt-led,38.0,2013-11-06
1762.4190824921172,22.49984065,114.1198378,0.08,294.047583443362,0,govt-led,38.0,2013-11-13
592.222227562175,22.36518157,114.0119949,0.09,294.047583443362,1,govt-led,38.0,2013-12-11
268.11613551824576,22.36889149,114.0083325,0.09,294.047583443362,1,govt-led,38.0,2013-12-11
1478.8677542910682,22.39949922,114.1998854,0.07,302.17039441785903,0,govt-led,38.0,2014-01-15
1228.2280366072225,22.40904946,113.968203,0.07,302.17039441785903,0,govt-led,38.0,2014-02-12
1476.1445171907594,22.40760747,113.9677255,0.07,302.17039441785903,0,govt-led,38.0,2014-02-12
2777.141050612707,22.32832548,114.2021158,0.07,302.17039441785903,0,govt-led,38.0,2014-02-25
2643.203962796016,22.32798567,114.2016953,0.07,302.17039441785903,0,govt-led,38.0,2014-02-25
3238.112314189291,22.32754515,114.201198,0.07,302.17039441785903,0,govt-led,38.0,2014-02-25
1078.4597294923703,22.31866459,114.2736977,0.08,302.17039441785903,0,govt-led,38.0,2014-03-12
100.9767509423204,22.28583511,114.0391294,0.08,302.17039441785903,0,govt-led,38.0,2014-03-25
405.7043567745603,22.43417444,114.2409669,0.08,302.17039441785903,1,govt-led,38.0,2014-03-25
7228.403797702761,22.27541216,114.1697386,0.09,302.17039441785903,1,govt-led,16.0,2014-04-06
2088.728117614896,22.25220715,114.1799336,0.09,302.17039441785903,0,govt-led,16.0,2014-05-14
885.5557552213647,22.40438166,113.9787087,0.09,302.17039441785903,0,govt-led,16.0,2014-05-14
1254.4002531116316,22.36557086,114.0076523,0.09,302.17039441785903,0,govt-led,16.0,2014-08-20
3047.2755216372234,22.39501572,113.9760094,0.09,302.17039441785903,0,govt-led,16.0,2014-08-20
7623.717020497366,22.28273918,114.2258139,0.09,302.17039441785903,0,govt-led,16.0,2014-09-04
256.01292086652285,22.46719354,114.006131,0.09,302.17039441785903,0,govt-led,16.0,2014-09-07
246.41074989071097,22.47118283,114.0036709,0.09,302.17039441785903,0,govt-led,16.0,2014-09-07
2162.1892487255195,22.4985511,114.1427908,0.09,302.17039441785903,0,govt-led,16.0,2014-09-29
796.8366463602107,22.40542717,113.9810179,0.12,302.17039441785903,0,govt-led,16.0,2014-12-11
576.7131895382967,22.23642788,113.9567524,0.12,302.17039441785903,0,govt-led,16.0,2014-12-24
3736.166867979505,22.35990458,114.128176,0.11,309.385622601348,0,govt-led,16.0,2015-01-27
1439.3457007629788,22.42943213,114.205091,0.11,309.385622601348,0,govt-led,22.0,2015-02-09
383.4915527650095,22.47971559,114.1113507,0.12,309.385622601348,0,govt-led,22.0,2015-04-15
1446.5556646678315,22.37665772,114.2701699,0.12,309.385622601348,0,govt-led,22.0,2015-04-29
2049.141761737067,22.42957333,114.2475633,0.12,309.385622601348,0,govt-led,22.0,2015-05-13
1212.76713015463,22.3723639,114.0003022,0.13,309.385622601348,0,govt-led,22.0,2015-06-17
164.3033488849538,22.20356262,114.0366195,0.13,309.385622601348,0,govt-led,22.0,2015-06-24
1151.2799003029213,22.37361178,114.0037497,0.14,309.385622601348,0,govt-led,22.0,2015-08-07
1717.9630352953945,22.37442004,113.9867377,0.14,309.385622601348,0,govt-led,22.0,2015-09-16
2798.5770605335947,22.34679297,114.1634415,0.14,309.385622601348,0,govt-led,22.0,2015-09-29
2220.543941848632,22.381576,113.9706797,0.12,309.385622601348,0,govt-led,22.0,2015-10-06
509.1264147435139,22.48574508,114.059088,0.24,309.385622601348,0,govt-led,22.0,2015-12-08
1263.1649898691637,22.37210843,114.0030574,0.24,309.385622601348,1,govt-led,22.0,2015-12-23
5584.920364970037,22.31842002,114.1799999,0.38,316.11614656942197,0,govt-led,22.0,2016-02-03
6231.716801816664,22.32705642,114.1979924,0.38,316.11614656942197,0,govt-led,25.0,2016-02-11
3269.3281058844564,22.33367868,114.1601188,0.36,316.11614656942197,0,govt-led,22.0,2016-03-02
3021.0139126348286,22.29175558,114.2361758,0.36,316.11614656942197,0,govt-led,25.0,2016-03-08
882.373606356074,22.20546782,114.2135135,0.36,316.11614656942197,0,govt-led,22.0,2016-03-15
589.8498418571622,22.36155772,114.1621371,0.36,316.11614656942197,0,govt-led,22.0,2016-03-23
2642.0640352911255,22.34290087,114.1690972,0.37,316.11614656942197,0,govt-led,25.0,2016-05-10
1202.6259836271356,22.34410034,114.1058351,0.37,316.11614656942197,0,govt-led,25.0,2016-05-31
1028.7918773538343,22.36742632,114.0014109,0.38,316.11614656942197,0,govt-led,25.0,2016-06-28
1390.8934317983794,22.37570131,114.2008649,0.4,316.11614656942197,0,govt-led,25.0,2016-08-08
1396.9099296803038,22.37426435,113.9913215,0.4,316.11614656942197,0,govt-led,25.0,2016-08-08
2092.6444161176164,22.37943306,113.9814403,0.4,316.11614656942197,0,govt-led,25.0,2016-08-24
275.97552454512083,22.44592145,114.0511032,0.4,316.11614656942197,0,govt-led,25.0,2016-08-30
2462.3105137500343,22.41087911,114.2068476,0.4,316.11614656942197,0,govt-led,25.0,2016-09-14
2778.129816079547,22.30417657,114.2299566,0.41,316.11614656942197,0,govt-led,25.0,2016-11-16
448.7417933303579,22.43841467,114.1674417,0.54,316.11614656942197,0,govt-led,22.0,2016-12-02
4882.7786284870235,22.32588578,114.1993703,0.54,316.11614656942197,0,govt-led,25.0,2016-12-19
4805.113736267286,22.32750733,114.1984615,0.54,316.11614656942197,0,govt-led,25.0,2016-12-29
5912.641219391141,22.32676194,114.2002411,0.65,328.116261237137,0,govt-led,25.0,2017-01-25
11214.423836827847,22.23916357,114.1507521,0.66,328.116261237137,0,govt-led,25.0,2017-02-24
6140.087094985812,22.32624376,114.1998152,0.79,328.116261237137,0,govt-led,25.0,2017-03-15
5819.688179096863,22.32804328,114.1989219,0.91,328.116261237137,0,govt-led,18.0,2017-05-16
2031.6158362955048,22.37353826,114.0010421,1.04,328.116261237137,0,govt-led,18.0,2017-06-21
2342.3541908470547,22.43383386,114.2441288,1.15,328.116261237137,0,govt-led,18.0,2017-07-21
662.5825216219453,22.23385569,113.9614313,1.16,328.116261237137,0,govt-led,18.0,2017-08-16
6991.671847914507,22.32756176,114.1480652,1.16,328.116261237137,0,govt-led,18.0,2017-11-15
5119.054049413347,22.50331373,114.1284479,1.3,328.116261237137,0,govt-led,18.0,2017-12-28
8447.634187379106,22.34475657,114.1804228,1.41,337.45743335228804,0,govt-led,18.0,2018-01-16
4442.416156371611,22.32857446,114.2333134,1.41,337.45743335228804,0,govt-led,18.0,2018-01-24
578.7155197582705,22.23337388,113.9597879,1.7,337.45743335228804,0,govt-led,19.0,2018-05-12
11612.316626708116,22.33199466,114.1993238,1.7,337.45743335228804,0,govt-led,19.0,2018-05-15
6560.05504956135,22.31229371,114.2080541,1.91,337.45743335228804,0,govt-led,19.0,2018-07-11
6851.923573457289,22.29602219,114.2419562,1.91,337.45743335228804,0,govt-led,19.0,2018-08-15
363.643714243006,22.41678478,113.9861598,2.19,337.45743335228804,0,govt-led,19.0,2018-10-24
222.16050749462565,22.23794678,113.9654497,2.19,337.45743335228804,0,govt-led,19.0,2018-10-30
4961.800802307665,22.35763335,114.0967113,2.2,337.45743335228804,0,govt-led,19.0,2018-11-04
7010.295375605803,22.31125405,114.2093002,2.2,337.45743335228804,0,govt-led,19.0,2018-11-14
6784.5201641964595,22.31327578,114.2069739,2.27,337.45743335228804,0,govt-led,19.0,2018-12-27
7632.876861607094,22.31150043,114.2072959,2.4,331.813698522682,0,govt-led,19.0,2019-01-23
1424.2711457751202,22.42817749,114.2014239,2.4,331.813698522682,0,govt-led,19.0,2019-02-15
407.39257769670564,22.23451563,113.9598024,2.4,331.813698522682,0,govt-led,19.0,2019-02-25
1392.4425519750082,22.43652141,114.0321043,2.41,331.813698522682,0,govt-led,19.0,2019-03-13
7667.052023888384,22.31402603,114.2061155,2.41,331.813698522682,0,govt-led,19.0,2019-03-27
5956.333027650285,22.27158221,114.1923889,1.55,331.813698522682,0,govt-led,2.0,2019-12-18
2520.258694761322,22.31533612,114.1686731,1.55,310.097167509498,0,govt-led,11.0,2020-01-04
5705.444076841678,22.31666754,114.2030004,1.58,310.097167509498,0,govt-led,11.0,2020-02-12
5533.122287216933,22.31617598,114.1689254,0.05,310.097167509498,0,govt-led,11.0,2020-04-28
1818.716338731796,22.32030908,114.2395656,0.05,310.097167509498,0,govt-led,11.0,2020-05-19
1105.8880827912708,22.35278093,114.2512256,0.1,310.097167509498,0,govt-led,11.0,2020-08-26
7094.28867410155,22.2655063,114.1625074,0.09,310.097167509498,0,govt-led,11.0,2020-12-23
6848.75330349031,22.31589232,114.2025433,0.08,330.11217330710497,0,govt-led,11.0,2021-02-17
3383.8907013866224,22.5066233,114.0986524,0.07,330.11217330710497,0,govt-led,12.0,2021-04-27
4337.815254085383,22.49902603,114.1225091,0.08,330.11217330710497,0,govt-led,12.0,2021-06-30
4003.7391219039864,22.50676833,114.0971744,0.1,330.11217330710497,0,govt-led,12.0,2021-07-28
343.39511712101995,22.45433105,114.03198,0.09,330.11217330710497,0,govt-led,12.0,2021-08-17
10436.149679085012,22.26507403,114.1633869,0.08,330.11217330710497,0,govt-led,11.0,2021-09-02
5291.204730393454,22.34305229,114.1833415,0.08,330.11217330710497,0,govt-led,12.0,2021-10-27
712.6055838321392,22.42610314,114.1958971,0.08,330.11217330710497,0,govt-led,12.0,2021-12-29
4324.51063071278,22.23495115,114.1993493,0.08,317.94660354633896,0,govt-led,12.0,2022-02-15
977.04207379695,22.366618,114.0039174,0.77,317.94660354633896,0,govt-led,15.0,2022-05-10
11452.272192404955,22.27408557,114.1748041,1.21,317.94660354633896,0,govt-led,15.0,2022-06-21
7903.554678398529,22.28520741,114.146076,1.68,317.94660354633896,1,govt-led,15.0,2022-07-26
5856.58380406337,22.2816505,114.1216306,2.56,317.94660354633896,0,govt-led,15.0,2022-09-11
4069.8135726677933,22.36690618,114.1751783,2.56,317.94660354633896,0,govt-led,15.0,2022-09-20
2029.6417731526449,22.34985099,114.130866,3.78,317.94660354633896,0,govt-led,15.0,2022-11-15
3127.950596496729,22.32770112,114.192826,4.1,317.94660354633896,0,govt-led,15.0,2022-12-21
1206.8166229490519,22.36945234,114.0970174,4.57,327.963017258,0,govt-led,15.0,2023-02-15
5336.630569940598,22.28198089,114.1227113,5.06,327.963017258,0,govt-led,4.0,2023-05-07
2779.06891557651,22.3287974,114.194048,5.33,327.963017258,0,govt-led,4.0,2023-09-13
75.24630814062272,22.23834613,113.9632526,5.33,327.963017258,0,govt-led,4.0,2023-12-20
1759.4550810014714,22.38358616,114.205235,5.33,336.586373892992,0,govt-led,8.0,2024-07-17
1245.3546469012222,22.38280376,114.2091766,4.83,336.586373892992,0,govt-led,8.0,2024-10-29
1143.8678402857527,22.37924233,114.1733939,4.33,348.325324736967,0,govt-led,8.0,2025-01-27
384.1794897672541,22.29962595,113.9515578,4.33,348.325324736967,0,govt-led,8.0,2025-02-19
1694.1465537906438,22.38358368,113.9724806,4.33,348.325324736967,0,govt-led,8.0,2025-08-13
2581.4665969990697,22.36578992,114.1144857,3.88,348.325324736967,0,govt-led,8.0,2025-11-18
